,X,Twilight,Rise,Deleted,Marker,Inserted,Twilight3,Marker3
1,1,08/07/2016 11:34,FALSE,FALSE,0,FALSE,08/07/2016 11:34,0
2,2,08/07/2016 13:27,TRUE,FALSE,0,FALSE,08/07/2016 12:45,0
3,3,09/07/2016 11:26,FALSE,FALSE,0,FALSE,09/07/2016 11:26,0
4,4,09/07/2016 13:24,TRUE,FALSE,0,FALSE,09/07/2016 13:24,0
5,5,10/07/2016 11:30,FALSE,FALSE,0,FALSE,10/07/2016 10:50,0
6,6,10/07/2016 13:36,TRUE,FALSE,0,FALSE,10/07/2016 13:59,0
7,7,11/07/2016 11:25,FALSE,FALSE,0,FALSE,11/07/2016 11:25,0
8,8,11/07/2016 13:40,TRUE,FALSE,0,FALSE,11/07/2016 13:15,0
9,9,12/07/2016 11:14,FALSE,FALSE,0,FALSE,12/07/2016 11:14,0
10,10,12/07/2016 13:45,TRUE,FALSE,0,FALSE,12/07/2016 13:45,0
11,11,13/07/2016 11:02,FALSE,FALSE,0,FALSE,13/07/2016 10:18,0
12,12,13/07/2016 13:35,TRUE,FALSE,0,FALSE,13/07/2016 13:35,0
13,13,14/07/2016 10:54,FALSE,FALSE,0,FALSE,14/07/2016 10:54,0
14,14,14/07/2016 13:54,TRUE,FALSE,0,FALSE,14/07/2016 13:54,0
15,15,15/07/2016 10:57,FALSE,FALSE,0,FALSE,15/07/2016 10:57,0
16,16,15/07/2016 14:02,TRUE,FALSE,0,FALSE,15/07/2016 14:02,0
17,17,16/07/2016 10:41,FALSE,FALSE,0,FALSE,16/07/2016 10:41,0
18,18,16/07/2016 13:40,TRUE,FALSE,0,FALSE,16/07/2016 13:40,0
19,19,17/07/2016 10:40,FALSE,FALSE,0,FALSE,17/07/2016 10:40,0
20,20,17/07/2016 14:02,TRUE,FALSE,0,FALSE,17/07/2016 14:02,0
21,21,18/07/2016 10:57,FALSE,FALSE,0,FALSE,18/07/2016 10:57,0
22,22,18/07/2016 13:44,TRUE,FALSE,0,FALSE,18/07/2016 13:44,0
23,23,19/07/2016 10:14,FALSE,FALSE,0,FALSE,19/07/2016 10:14,0
24,24,19/07/2016 13:55,TRUE,FALSE,0,FALSE,19/07/2016 13:55,0
25,25,20/07/2016 10:40,FALSE,FALSE,0,FALSE,20/07/2016 10:40,0
26,26,20/07/2016 14:05,TRUE,FALSE,0,FALSE,20/07/2016 14:05,0
27,27,21/07/2016 10:31,FALSE,FALSE,0,FALSE,21/07/2016 10:31,0
28,28,21/07/2016 14:09,TRUE,FALSE,0,FALSE,21/07/2016 14:09,0
29,29,22/07/2016 10:03,FALSE,FALSE,0,FALSE,22/07/2016 10:03,0
30,30,22/07/2016 13:37,TRUE,FALSE,0,FALSE,22/07/2016 13:37,0
31,31,23/07/2016 10:07,FALSE,FALSE,0,FALSE,23/07/2016 10:07,0
32,32,23/07/2016 13:45,TRUE,FALSE,0,FALSE,23/07/2016 13:45,0
33,33,24/07/2016 10:39,FALSE,FALSE,0,FALSE,24/07/2016 10:39,0
34,34,24/07/2016 14:50,TRUE,FALSE,0,FALSE,24/07/2016 14:50,0
35,35,25/07/2016 10:27,FALSE,FALSE,0,FALSE,25/07/2016 10:27,0
36,36,25/07/2016 14:22,TRUE,FALSE,0,FALSE,25/07/2016 14:22,0
37,37,26/07/2016 10:14,FALSE,FALSE,0,FALSE,26/07/2016 10:14,0
38,38,26/07/2016 15:19,TRUE,FALSE,0,FALSE,26/07/2016 15:19,0
39,39,27/07/2016 10:14,FALSE,FALSE,0,FALSE,27/07/2016 10:14,0
40,40,27/07/2016 15:13,TRUE,FALSE,0,FALSE,27/07/2016 15:13,0
41,41,28/07/2016 10:22,FALSE,FALSE,0,FALSE,28/07/2016 10:22,0
42,42,28/07/2016 15:39,TRUE,FALSE,0,FALSE,28/07/2016 15:39,0
43,43,29/07/2016 10:39,FALSE,FALSE,0,FALSE,29/07/2016 10:39,0
44,44,29/07/2016 15:52,TRUE,FALSE,0,FALSE,29/07/2016 15:52,0
45,45,30/07/2016 10:14,FALSE,FALSE,0,FALSE,30/07/2016 10:14,0
46,46,30/07/2016 16:16,TRUE,FALSE,0,FALSE,30/07/2016 16:16,0
47,47,31/07/2016 10:10,FALSE,FALSE,0,FALSE,31/07/2016 10:10,0
48,48,31/07/2016 16:24,TRUE,FALSE,0,FALSE,31/07/2016 16:24,0
49,49,01/08/2016 10:04,FALSE,FALSE,0,FALSE,01/08/2016 10:04,0
50,50,01/08/2016 16:09,TRUE,FALSE,0,FALSE,01/08/2016 16:09,0
51,51,02/08/2016 10:17,FALSE,FALSE,0,FALSE,02/08/2016 10:17,0
52,52,02/08/2016 16:39,TRUE,FALSE,0,FALSE,02/08/2016 16:39,0
53,53,03/08/2016 10:20,FALSE,FALSE,0,FALSE,03/08/2016 10:20,0
54,54,03/08/2016 18:04,TRUE,FALSE,0,FALSE,03/08/2016 18:04,0
55,55,04/08/2016 10:31,FALSE,FALSE,0,FALSE,04/08/2016 10:31,0
56,56,04/08/2016 18:07,TRUE,FALSE,0,FALSE,04/08/2016 18:07,0
57,57,05/08/2016 10:42,FALSE,FALSE,0,FALSE,05/08/2016 10:42,0
58,58,05/08/2016 18:07,TRUE,FALSE,0,FALSE,05/08/2016 18:07,0
59,59,06/08/2016 10:35,FALSE,FALSE,0,FALSE,06/08/2016 10:35,0
60,60,06/08/2016 18:31,TRUE,FALSE,0,FALSE,06/08/2016 18:31,0
61,61,07/08/2016 10:22,FALSE,FALSE,0,FALSE,07/08/2016 10:22,0
62,62,07/08/2016 18:47,TRUE,FALSE,0,FALSE,07/08/2016 18:47,0
63,63,08/08/2016 10:27,FALSE,FALSE,0,FALSE,08/08/2016 10:27,0
64,64,08/08/2016 18:46,TRUE,FALSE,0,FALSE,08/08/2016 18:46,0
65,65,09/08/2016 10:10,FALSE,FALSE,0,FALSE,09/08/2016 10:10,0
66,66,09/08/2016 19:05,TRUE,FALSE,0,FALSE,09/08/2016 19:05,0
67,67,10/08/2016 10:23,FALSE,FALSE,0,FALSE,10/08/2016 10:23,0
68,68,10/08/2016 19:14,TRUE,FALSE,0,FALSE,10/08/2016 19:14,0
69,69,11/08/2016 10:12,FALSE,FALSE,0,FALSE,11/08/2016 10:12,0
70,70,11/08/2016 19:20,TRUE,FALSE,0,FALSE,11/08/2016 19:20,0
71,71,12/08/2016 10:09,FALSE,FALSE,0,FALSE,12/08/2016 10:09,0
72,72,12/08/2016 19:15,TRUE,FALSE,0,FALSE,12/08/2016 19:15,0
73,73,13/08/2016 10:03,FALSE,FALSE,0,FALSE,13/08/2016 10:03,0
74,74,13/08/2016 19:11,TRUE,FALSE,0,FALSE,13/08/2016 19:11,0
75,75,14/08/2016 10:00,FALSE,FALSE,0,FALSE,14/08/2016 10:00,0
76,76,14/08/2016 19:10,TRUE,FALSE,0,FALSE,14/08/2016 19:10,0
77,77,15/08/2016 09:55,FALSE,FALSE,0,FALSE,15/08/2016 09:55,0
78,78,15/08/2016 19:21,TRUE,FALSE,0,FALSE,15/08/2016 19:21,0
79,79,16/08/2016 09:49,FALSE,FALSE,0,FALSE,16/08/2016 09:49,0
80,80,16/08/2016 19:18,TRUE,FALSE,0,FALSE,16/08/2016 19:18,0
81,81,17/08/2016 09:40,FALSE,FALSE,0,FALSE,17/08/2016 09:40,0
82,82,17/08/2016 19:19,TRUE,FALSE,0,FALSE,17/08/2016 19:19,0
83,83,18/08/2016 09:56,FALSE,FALSE,0,FALSE,18/08/2016 09:56,0
84,84,18/08/2016 19:27,TRUE,FALSE,0,FALSE,18/08/2016 19:27,0
85,85,19/08/2016 09:54,FALSE,FALSE,0,FALSE,19/08/2016 09:54,0
86,86,19/08/2016 19:34,TRUE,FALSE,0,FALSE,19/08/2016 19:34,0
87,87,20/08/2016 09:51,FALSE,FALSE,0,FALSE,20/08/2016 09:51,0
88,88,20/08/2016 19:35,TRUE,FALSE,0,FALSE,20/08/2016 19:35,0
89,89,21/08/2016 10:09,FALSE,FALSE,0,FALSE,21/08/2016 10:09,0
90,90,21/08/2016 20:07,TRUE,FALSE,0,FALSE,21/08/2016 20:07,0
91,91,22/08/2016 10:09,FALSE,FALSE,0,FALSE,22/08/2016 10:09,0
92,92,22/08/2016 20:15,TRUE,FALSE,0,FALSE,22/08/2016 20:15,0
93,93,23/08/2016 10:23,FALSE,FALSE,0,FALSE,23/08/2016 10:23,0
94,94,23/08/2016 20:44,TRUE,FALSE,0,FALSE,23/08/2016 20:44,0
95,95,24/08/2016 10:36,FALSE,FALSE,0,FALSE,24/08/2016 10:36,0
96,96,24/08/2016 21:02,TRUE,FALSE,0,FALSE,24/08/2016 21:02,0
97,97,25/08/2016 10:46,FALSE,FALSE,0,FALSE,25/08/2016 10:46,0
98,98,25/08/2016 21:15,TRUE,FALSE,0,FALSE,25/08/2016 21:15,0
99,99,26/08/2016 10:51,FALSE,FALSE,0,FALSE,26/08/2016 10:51,0
100,100,26/08/2016 21:22,TRUE,FALSE,0,FALSE,26/08/2016 21:22,0
101,101,27/08/2016 10:48,FALSE,FALSE,0,FALSE,27/08/2016 10:48,0
102,102,27/08/2016 21:40,TRUE,FALSE,0,FALSE,27/08/2016 21:40,0
103,103,28/08/2016 10:46,FALSE,FALSE,0,FALSE,28/08/2016 10:46,0
104,104,28/08/2016 21:42,TRUE,FALSE,0,FALSE,28/08/2016 21:42,0
105,105,29/08/2016 10:49,FALSE,FALSE,0,FALSE,29/08/2016 10:49,0
106,106,29/08/2016 21:47,TRUE,FALSE,0,FALSE,29/08/2016 21:47,0
107,107,30/08/2016 10:56,FALSE,FALSE,0,FALSE,30/08/2016 10:56,0
108,108,30/08/2016 21:38,TRUE,FALSE,0,FALSE,30/08/2016 21:38,0
109,109,31/08/2016 10:57,FALSE,FALSE,0,FALSE,31/08/2016 10:57,0
110,110,31/08/2016 21:45,TRUE,FALSE,0,FALSE,31/08/2016 21:45,0
111,111,01/09/2016 10:53,FALSE,FALSE,0,FALSE,01/09/2016 10:53,0
112,112,01/09/2016 21:44,TRUE,FALSE,0,FALSE,01/09/2016 21:44,0
113,113,02/09/2016 10:41,FALSE,FALSE,0,FALSE,02/09/2016 10:41,0
114,114,02/09/2016 21:43,TRUE,FALSE,0,FALSE,02/09/2016 21:43,0
115,115,03/09/2016 10:39,FALSE,FALSE,0,FALSE,03/09/2016 10:39,0
116,116,03/09/2016 21:42,TRUE,FALSE,0,FALSE,03/09/2016 21:42,0
117,117,04/09/2016 10:57,FALSE,FALSE,0,FALSE,04/09/2016 10:57,0
118,118,04/09/2016 21:50,TRUE,FALSE,0,FALSE,04/09/2016 21:50,0
119,119,05/09/2016 10:45,FALSE,FALSE,0,FALSE,05/09/2016 10:45,0
120,120,05/09/2016 22:00,TRUE,FALSE,0,FALSE,05/09/2016 22:00,0
121,121,06/09/2016 11:02,FALSE,FALSE,0,FALSE,06/09/2016 11:02,0
122,122,06/09/2016 22:06,TRUE,FALSE,0,FALSE,06/09/2016 22:06,0
123,123,07/09/2016 11:03,FALSE,FALSE,0,FALSE,07/09/2016 11:03,0
124,124,07/09/2016 22:06,TRUE,FALSE,0,FALSE,07/09/2016 22:06,0
125,125,08/09/2016 11:02,FALSE,FALSE,0,FALSE,08/09/2016 11:02,0
126,126,08/09/2016 22:00,TRUE,FALSE,0,FALSE,08/09/2016 22:00,0
127,127,09/09/2016 11:01,FALSE,FALSE,0,FALSE,09/09/2016 11:01,0
128,128,09/09/2016 22:04,TRUE,FALSE,0,FALSE,09/09/2016 22:04,0
129,129,10/09/2016 11:01,FALSE,FALSE,0,FALSE,10/09/2016 11:01,0
130,130,10/09/2016 21:55,TRUE,FALSE,0,FALSE,10/09/2016 21:55,0
131,131,11/09/2016 11:03,FALSE,FALSE,0,FALSE,11/09/2016 11:03,0
132,132,11/09/2016 22:03,TRUE,FALSE,0,FALSE,11/09/2016 22:03,0
133,133,12/09/2016 11:10,FALSE,FALSE,0,FALSE,12/09/2016 11:10,0
134,134,12/09/2016 22:10,TRUE,FALSE,0,FALSE,12/09/2016 22:10,0
135,135,13/09/2016 11:11,FALSE,FALSE,0,FALSE,13/09/2016 11:11,0
136,136,13/09/2016 22:10,TRUE,FALSE,0,FALSE,13/09/2016 22:10,0
137,137,14/09/2016 11:07,FALSE,FALSE,0,FALSE,14/09/2016 11:07,0
138,138,14/09/2016 22:12,TRUE,FALSE,0,FALSE,14/09/2016 22:12,0
139,139,15/09/2016 10:54,FALSE,FALSE,0,FALSE,15/09/2016 10:54,0
140,140,15/09/2016 21:58,TRUE,FALSE,0,FALSE,15/09/2016 21:58,0
141,141,16/09/2016 10:36,FALSE,FALSE,0,FALSE,16/09/2016 10:36,0
142,142,16/09/2016 22:08,TRUE,FALSE,0,FALSE,16/09/2016 22:08,0
143,143,17/09/2016 10:40,FALSE,FALSE,0,FALSE,17/09/2016 10:40,0
144,144,17/09/2016 21:44,TRUE,FALSE,0,FALSE,17/09/2016 21:44,0
145,145,18/09/2016 10:38,FALSE,FALSE,0,FALSE,18/09/2016 10:38,0
146,146,18/09/2016 21:39,TRUE,FALSE,0,FALSE,18/09/2016 21:39,0
147,147,19/09/2016 10:19,FALSE,FALSE,0,FALSE,19/09/2016 10:19,0
148,148,19/09/2016 21:37,TRUE,FALSE,0,FALSE,19/09/2016 21:37,0
149,149,20/09/2016 10:24,FALSE,FALSE,0,FALSE,20/09/2016 10:24,0
150,150,20/09/2016 21:39,TRUE,FALSE,0,FALSE,20/09/2016 21:39,0
151,151,21/09/2016 10:19,FALSE,FALSE,0,FALSE,21/09/2016 10:19,0
152,152,21/09/2016 21:35,TRUE,FALSE,0,FALSE,21/09/2016 21:35,0
153,153,22/09/2016 10:21,FALSE,FALSE,0,FALSE,22/09/2016 10:21,0
154,154,22/09/2016 21:30,TRUE,FALSE,0,FALSE,22/09/2016 21:30,0
155,155,23/09/2016 10:20,FALSE,FALSE,0,FALSE,23/09/2016 10:20,0
156,156,23/09/2016 21:39,TRUE,FALSE,0,FALSE,23/09/2016 21:39,0
157,157,24/09/2016 10:11,FALSE,FALSE,0,FALSE,24/09/2016 10:11,0
158,158,24/09/2016 21:56,TRUE,FALSE,0,FALSE,24/09/2016 21:56,0
159,159,25/09/2016 10:14,FALSE,FALSE,0,FALSE,25/09/2016 10:14,0
160,160,25/09/2016 21:34,TRUE,FALSE,0,FALSE,25/09/2016 21:34,0
161,161,26/09/2016 10:12,FALSE,FALSE,0,FALSE,26/09/2016 10:12,0
162,162,26/09/2016 21:28,TRUE,FALSE,0,FALSE,26/09/2016 21:28,0
163,163,27/09/2016 10:14,FALSE,FALSE,0,FALSE,27/09/2016 10:14,0
164,164,27/09/2016 21:27,TRUE,FALSE,0,FALSE,27/09/2016 21:27,0
165,165,28/09/2016 10:13,FALSE,FALSE,0,FALSE,28/09/2016 10:13,0
166,166,28/09/2016 21:33,TRUE,FALSE,0,FALSE,28/09/2016 21:33,0
167,167,29/09/2016 10:13,FALSE,FALSE,0,FALSE,29/09/2016 10:13,0
168,168,29/09/2016 21:33,TRUE,FALSE,0,FALSE,29/09/2016 21:33,0
169,169,30/09/2016 10:18,FALSE,FALSE,0,FALSE,30/09/2016 10:18,0
170,170,30/09/2016 21:41,TRUE,FALSE,0,FALSE,30/09/2016 21:41,0
171,171,01/10/2016 10:19,FALSE,FALSE,0,FALSE,01/10/2016 10:19,0
172,172,01/10/2016 21:33,TRUE,FALSE,0,FALSE,01/10/2016 21:33,0
173,173,02/10/2016 10:26,FALSE,FALSE,0,FALSE,02/10/2016 10:26,0
174,174,02/10/2016 21:32,TRUE,FALSE,0,FALSE,02/10/2016 21:32,0
175,175,03/10/2016 10:23,FALSE,FALSE,0,FALSE,03/10/2016 10:23,0
176,176,03/10/2016 21:42,TRUE,FALSE,0,FALSE,03/10/2016 21:42,0
177,177,04/10/2016 10:22,FALSE,FALSE,0,FALSE,04/10/2016 10:22,0
178,178,04/10/2016 21:34,TRUE,FALSE,0,FALSE,04/10/2016 21:34,0
179,179,05/10/2016 10:19,FALSE,FALSE,0,FALSE,05/10/2016 10:19,0
180,180,05/10/2016 21:35,TRUE,FALSE,0,FALSE,05/10/2016 21:35,0
181,181,06/10/2016 10:21,FALSE,FALSE,0,FALSE,06/10/2016 10:21,0
182,182,06/10/2016 21:35,TRUE,FALSE,0,FALSE,06/10/2016 21:35,0
183,183,07/10/2016 10:18,FALSE,FALSE,0,FALSE,07/10/2016 10:18,0
184,184,07/10/2016 21:36,TRUE,FALSE,0,FALSE,07/10/2016 21:36,0
185,185,08/10/2016 10:16,FALSE,FALSE,0,FALSE,08/10/2016 10:16,0
186,186,08/10/2016 21:31,TRUE,FALSE,0,FALSE,08/10/2016 21:31,0
187,187,09/10/2016 09:43,FALSE,FALSE,0,FALSE,09/10/2016 09:43,0
188,188,09/10/2016 21:32,TRUE,FALSE,0,FALSE,09/10/2016 21:32,0
189,189,10/10/2016 10:17,FALSE,FALSE,0,FALSE,10/10/2016 10:17,0
190,190,10/10/2016 21:33,TRUE,FALSE,0,FALSE,10/10/2016 21:33,0
191,191,11/10/2016 10:24,FALSE,FALSE,0,FALSE,11/10/2016 10:24,0
192,192,11/10/2016 21:54,TRUE,FALSE,0,FALSE,11/10/2016 21:54,0
193,193,12/10/2016 10:18,FALSE,FALSE,0,FALSE,12/10/2016 10:18,0
194,194,12/10/2016 21:31,TRUE,FALSE,0,FALSE,12/10/2016 21:31,0
195,195,13/10/2016 10:18,FALSE,FALSE,0,FALSE,13/10/2016 10:18,0
196,196,13/10/2016 21:53,TRUE,FALSE,0,FALSE,13/10/2016 21:53,0
197,197,14/10/2016 10:19,FALSE,FALSE,0,FALSE,14/10/2016 10:19,0
198,198,14/10/2016 21:35,TRUE,FALSE,0,FALSE,14/10/2016 21:35,0
199,199,15/10/2016 10:09,FALSE,FALSE,0,FALSE,15/10/2016 10:09,0
200,200,15/10/2016 21:35,TRUE,FALSE,0,FALSE,15/10/2016 21:35,0
201,201,16/10/2016 10:19,FALSE,FALSE,0,FALSE,16/10/2016 10:19,0
202,202,16/10/2016 21:33,TRUE,FALSE,0,FALSE,16/10/2016 21:33,0
203,203,17/10/2016 10:16,FALSE,FALSE,0,FALSE,17/10/2016 10:16,0
204,204,17/10/2016 21:36,TRUE,FALSE,0,FALSE,17/10/2016 21:36,0
205,205,18/10/2016 10:15,FALSE,FALSE,0,FALSE,18/10/2016 10:15,0
206,206,18/10/2016 21:30,TRUE,FALSE,0,FALSE,18/10/2016 21:30,0
207,207,19/10/2016 10:13,FALSE,FALSE,0,FALSE,19/10/2016 10:13,0
208,208,19/10/2016 21:29,TRUE,FALSE,0,FALSE,19/10/2016 21:29,0
209,209,20/10/2016 10:11,FALSE,FALSE,0,FALSE,20/10/2016 10:11,0
210,210,20/10/2016 21:33,TRUE,FALSE,0,FALSE,20/10/2016 21:33,0
211,211,21/10/2016 10:20,FALSE,FALSE,0,FALSE,21/10/2016 10:20,0
212,212,21/10/2016 21:39,TRUE,FALSE,0,FALSE,21/10/2016 21:39,0
213,213,22/10/2016 10:12,FALSE,FALSE,0,FALSE,22/10/2016 10:12,0
214,214,22/10/2016 21:30,TRUE,FALSE,0,FALSE,22/10/2016 21:30,0
215,215,23/10/2016 10:10,FALSE,FALSE,0,FALSE,23/10/2016 10:10,0
216,216,23/10/2016 21:38,TRUE,FALSE,0,FALSE,23/10/2016 21:38,0
217,217,24/10/2016 10:03,FALSE,FALSE,0,FALSE,24/10/2016 10:03,0
218,218,24/10/2016 21:37,TRUE,FALSE,0,FALSE,24/10/2016 21:37,0
219,219,25/10/2016 10:12,FALSE,FALSE,0,FALSE,25/10/2016 10:12,0
220,220,25/10/2016 21:41,TRUE,FALSE,0,FALSE,25/10/2016 21:41,0
221,221,26/10/2016 10:13,FALSE,FALSE,0,FALSE,26/10/2016 10:13,0
222,222,26/10/2016 21:23,TRUE,FALSE,0,FALSE,26/10/2016 21:23,0
223,223,27/10/2016 09:36,FALSE,FALSE,0,FALSE,27/10/2016 09:36,0
224,224,27/10/2016 21:30,TRUE,FALSE,0,FALSE,27/10/2016 21:30,0
225,225,28/10/2016 10:02,FALSE,FALSE,0,FALSE,28/10/2016 10:02,0
226,226,28/10/2016 21:35,TRUE,FALSE,0,FALSE,28/10/2016 21:35,0
227,227,29/10/2016 09:53,FALSE,FALSE,0,FALSE,29/10/2016 09:53,0
228,228,29/10/2016 21:26,TRUE,FALSE,0,FALSE,29/10/2016 21:26,0
229,229,30/10/2016 10:11,FALSE,FALSE,0,FALSE,30/10/2016 10:11,0
230,230,30/10/2016 21:23,TRUE,FALSE,0,FALSE,30/10/2016 21:23,0
231,231,31/10/2016 10:08,FALSE,FALSE,0,FALSE,31/10/2016 10:08,0
232,232,31/10/2016 21:18,TRUE,FALSE,0,FALSE,31/10/2016 21:18,0
233,233,01/11/2016 10:06,FALSE,FALSE,0,FALSE,01/11/2016 10:06,0
234,234,01/11/2016 21:26,TRUE,FALSE,0,FALSE,01/11/2016 21:26,0
235,235,02/11/2016 10:17,FALSE,FALSE,0,FALSE,02/11/2016 10:17,0
236,236,02/11/2016 21:15,TRUE,FALSE,0,FALSE,02/11/2016 21:15,0
237,237,03/11/2016 09:53,FALSE,FALSE,0,FALSE,03/11/2016 09:53,0
238,238,03/11/2016 21:25,TRUE,FALSE,0,FALSE,03/11/2016 21:25,0
239,239,04/11/2016 10:17,FALSE,FALSE,0,FALSE,04/11/2016 10:17,0
240,240,04/11/2016 21:26,TRUE,FALSE,0,FALSE,04/11/2016 21:26,0
241,241,05/11/2016 10:12,FALSE,FALSE,0,FALSE,05/11/2016 10:12,0
242,242,05/11/2016 21:30,TRUE,FALSE,0,FALSE,05/11/2016 21:30,0
243,243,06/11/2016 10:15,FALSE,FALSE,0,FALSE,06/11/2016 10:15,0
244,244,06/11/2016 21:30,TRUE,FALSE,0,FALSE,06/11/2016 21:30,0
245,245,07/11/2016 10:14,FALSE,FALSE,0,FALSE,07/11/2016 10:14,0
246,246,07/11/2016 21:18,TRUE,FALSE,0,FALSE,07/11/2016 21:18,0
247,247,08/11/2016 10:19,FALSE,FALSE,0,FALSE,08/11/2016 10:19,0
248,248,08/11/2016 21:20,TRUE,FALSE,0,FALSE,08/11/2016 21:20,0
249,249,09/11/2016 10:17,FALSE,FALSE,0,FALSE,09/11/2016 10:17,0
250,250,09/11/2016 21:28,TRUE,FALSE,0,FALSE,09/11/2016 21:28,0
251,251,10/11/2016 10:17,FALSE,FALSE,0,FALSE,10/11/2016 10:17,0
252,252,10/11/2016 21:18,TRUE,FALSE,0,FALSE,10/11/2016 21:18,0
253,253,11/11/2016 10:19,FALSE,FALSE,0,FALSE,11/11/2016 10:19,0
254,254,11/11/2016 21:22,TRUE,FALSE,0,FALSE,11/11/2016 21:22,0
255,255,12/11/2016 10:21,FALSE,FALSE,0,FALSE,12/11/2016 10:21,0
256,256,12/11/2016 21:22,TRUE,FALSE,0,FALSE,12/11/2016 21:22,0
257,257,13/11/2016 10:13,FALSE,FALSE,0,FALSE,13/11/2016 10:13,0
258,258,13/11/2016 21:22,TRUE,FALSE,0,FALSE,13/11/2016 21:22,0
259,259,14/11/2016 10:19,FALSE,FALSE,0,FALSE,14/11/2016 10:19,0
260,260,14/11/2016 21:25,TRUE,FALSE,0,FALSE,14/11/2016 21:25,0
261,261,15/11/2016 10:21,FALSE,FALSE,0,FALSE,15/11/2016 10:21,0
262,262,15/11/2016 21:18,TRUE,FALSE,0,FALSE,15/11/2016 21:18,0
263,263,16/11/2016 10:22,FALSE,FALSE,0,FALSE,16/11/2016 10:22,0
264,264,16/11/2016 21:22,TRUE,FALSE,0,FALSE,16/11/2016 21:22,0
265,265,17/11/2016 10:07,FALSE,FALSE,0,FALSE,17/11/2016 10:07,0
266,266,17/11/2016 21:19,TRUE,FALSE,0,FALSE,17/11/2016 21:19,0
267,267,18/11/2016 10:14,FALSE,FALSE,0,FALSE,18/11/2016 10:14,0
268,268,18/11/2016 21:19,TRUE,FALSE,0,FALSE,18/11/2016 21:19,0
269,269,19/11/2016 10:21,FALSE,FALSE,0,FALSE,19/11/2016 10:21,0
270,270,19/11/2016 21:23,TRUE,FALSE,0,FALSE,19/11/2016 21:23,0
271,271,20/11/2016 10:26,FALSE,FALSE,0,FALSE,20/11/2016 10:26,0
272,272,20/11/2016 21:32,TRUE,FALSE,0,FALSE,20/11/2016 21:32,0
273,273,21/11/2016 10:24,FALSE,FALSE,0,FALSE,21/11/2016 10:24,0
274,274,21/11/2016 21:25,TRUE,FALSE,0,FALSE,21/11/2016 21:25,0
275,275,22/11/2016 10:22,FALSE,FALSE,0,FALSE,22/11/2016 10:22,0
276,276,22/11/2016 21:19,TRUE,FALSE,0,FALSE,22/11/2016 21:19,0
277,277,23/11/2016 10:23,FALSE,FALSE,0,FALSE,23/11/2016 10:23,0
278,278,23/11/2016 21:16,TRUE,FALSE,0,FALSE,23/11/2016 21:16,0
279,279,24/11/2016 10:19,FALSE,FALSE,0,FALSE,24/11/2016 10:19,0
280,280,24/11/2016 21:24,TRUE,FALSE,0,FALSE,24/11/2016 21:24,0
281,281,25/11/2016 10:19,FALSE,FALSE,0,FALSE,25/11/2016 10:19,0
282,282,25/11/2016 21:15,TRUE,FALSE,0,FALSE,25/11/2016 21:15,0
283,283,26/11/2016 10:20,FALSE,FALSE,0,FALSE,26/11/2016 10:20,0
284,284,26/11/2016 21:13,TRUE,FALSE,0,FALSE,26/11/2016 21:13,0
285,285,27/11/2016 10:17,FALSE,FALSE,0,FALSE,27/11/2016 10:17,0
286,286,27/11/2016 21:19,TRUE,FALSE,0,FALSE,27/11/2016 21:19,0
287,287,28/11/2016 10:10,FALSE,FALSE,0,FALSE,28/11/2016 10:10,0
288,288,28/11/2016 21:11,TRUE,FALSE,0,FALSE,28/11/2016 21:11,0
289,289,29/11/2016 10:14,FALSE,FALSE,0,FALSE,29/11/2016 10:14,0
290,290,29/11/2016 21:17,TRUE,FALSE,0,FALSE,29/11/2016 21:17,0
291,291,30/11/2016 10:17,FALSE,FALSE,0,FALSE,30/11/2016 10:17,0
292,292,30/11/2016 21:19,TRUE,FALSE,0,FALSE,30/11/2016 21:19,0
293,293,01/12/2016 10:12,FALSE,FALSE,0,FALSE,01/12/2016 10:12,0
294,294,01/12/2016 21:28,TRUE,FALSE,0,FALSE,01/12/2016 21:28,0
295,295,02/12/2016 10:15,FALSE,FALSE,0,FALSE,02/12/2016 10:15,0
296,296,02/12/2016 21:29,TRUE,FALSE,0,FALSE,02/12/2016 21:29,0
297,297,03/12/2016 10:21,FALSE,FALSE,0,FALSE,03/12/2016 10:21,0
298,298,03/12/2016 21:13,TRUE,FALSE,0,FALSE,03/12/2016 21:13,0
299,299,04/12/2016 10:14,FALSE,FALSE,0,FALSE,04/12/2016 10:14,0
300,300,04/12/2016 21:32,TRUE,FALSE,0,FALSE,04/12/2016 21:32,0
301,301,05/12/2016 09:55,FALSE,FALSE,0,FALSE,05/12/2016 09:55,0
302,302,05/12/2016 21:16,TRUE,FALSE,0,FALSE,05/12/2016 21:16,0
303,303,06/12/2016 10:26,FALSE,FALSE,0,FALSE,06/12/2016 10:26,0
304,304,06/12/2016 21:15,TRUE,FALSE,0,FALSE,06/12/2016 21:15,0
305,305,07/12/2016 10:29,FALSE,FALSE,0,FALSE,07/12/2016 10:29,0
306,306,07/12/2016 21:19,TRUE,FALSE,0,FALSE,07/12/2016 21:19,0
307,307,08/12/2016 10:26,FALSE,FALSE,0,FALSE,08/12/2016 10:26,0
308,308,08/12/2016 21:14,TRUE,FALSE,0,FALSE,08/12/2016 21:14,0
309,309,09/12/2016 10:30,FALSE,FALSE,0,FALSE,09/12/2016 10:30,0
310,310,09/12/2016 21:16,TRUE,FALSE,0,FALSE,09/12/2016 21:16,0
311,311,10/12/2016 10:27,FALSE,FALSE,0,FALSE,10/12/2016 10:27,0
312,312,10/12/2016 21:23,TRUE,FALSE,0,FALSE,10/12/2016 21:23,0
313,313,11/12/2016 10:14,FALSE,FALSE,0,FALSE,11/12/2016 10:14,0
314,314,11/12/2016 21:20,TRUE,FALSE,0,FALSE,11/12/2016 21:20,0
315,315,12/12/2016 10:23,FALSE,FALSE,0,FALSE,12/12/2016 10:23,0
316,316,12/12/2016 21:23,TRUE,FALSE,0,FALSE,12/12/2016 21:23,0
317,317,13/12/2016 10:27,FALSE,FALSE,0,FALSE,13/12/2016 10:27,0
318,318,13/12/2016 21:29,TRUE,FALSE,0,FALSE,13/12/2016 21:29,0
319,319,14/12/2016 10:20,FALSE,FALSE,0,FALSE,14/12/2016 10:20,0
320,320,14/12/2016 21:24,TRUE,FALSE,0,FALSE,14/12/2016 21:24,0
321,321,15/12/2016 10:25,FALSE,FALSE,0,FALSE,15/12/2016 10:25,0
322,322,15/12/2016 21:17,TRUE,FALSE,0,FALSE,15/12/2016 21:17,0
323,323,16/12/2016 10:27,FALSE,FALSE,0,FALSE,16/12/2016 10:27,0
324,324,16/12/2016 21:23,TRUE,FALSE,0,FALSE,16/12/2016 21:23,0
325,325,17/12/2016 10:29,FALSE,FALSE,0,FALSE,17/12/2016 10:29,0
326,326,17/12/2016 21:23,TRUE,FALSE,0,FALSE,17/12/2016 21:23,0
327,327,18/12/2016 10:28,FALSE,FALSE,0,FALSE,18/12/2016 10:28,0
328,328,18/12/2016 21:27,TRUE,FALSE,0,FALSE,18/12/2016 21:27,0
329,329,19/12/2016 10:26,FALSE,FALSE,0,FALSE,19/12/2016 10:26,0
330,330,19/12/2016 21:32,TRUE,FALSE,0,FALSE,19/12/2016 21:32,0
331,331,20/12/2016 10:29,FALSE,FALSE,0,FALSE,20/12/2016 10:29,0
332,332,20/12/2016 21:32,TRUE,FALSE,0,FALSE,20/12/2016 21:32,0
333,333,21/12/2016 10:28,FALSE,FALSE,0,FALSE,21/12/2016 10:28,0
334,334,21/12/2016 21:40,TRUE,FALSE,0,FALSE,21/12/2016 21:40,0
335,335,22/12/2016 10:30,FALSE,FALSE,0,FALSE,22/12/2016 10:30,0
336,336,22/12/2016 21:28,TRUE,FALSE,0,FALSE,22/12/2016 21:28,0
337,337,23/12/2016 10:35,FALSE,FALSE,0,FALSE,23/12/2016 10:35,0
338,338,23/12/2016 21:21,TRUE,FALSE,0,FALSE,23/12/2016 21:21,0
339,339,24/12/2016 10:30,FALSE,FALSE,0,FALSE,24/12/2016 10:30,0
340,340,24/12/2016 21:28,TRUE,FALSE,0,FALSE,24/12/2016 21:28,0
341,341,25/12/2016 10:35,FALSE,FALSE,0,FALSE,25/12/2016 10:35,0
342,342,25/12/2016 21:28,TRUE,FALSE,0,FALSE,25/12/2016 21:28,0
343,343,26/12/2016 10:24,FALSE,FALSE,0,FALSE,26/12/2016 10:24,0
344,344,26/12/2016 21:32,TRUE,FALSE,0,FALSE,26/12/2016 21:32,0
345,345,27/12/2016 10:17,FALSE,FALSE,0,FALSE,27/12/2016 10:17,0
346,346,27/12/2016 21:33,TRUE,FALSE,0,FALSE,27/12/2016 21:33,0
347,347,28/12/2016 10:34,FALSE,FALSE,0,FALSE,28/12/2016 10:34,0
348,348,28/12/2016 21:28,TRUE,FALSE,0,FALSE,28/12/2016 21:28,0
349,349,29/12/2016 10:35,FALSE,FALSE,0,FALSE,29/12/2016 10:35,0
350,350,29/12/2016 21:32,TRUE,FALSE,0,FALSE,29/12/2016 21:32,0
351,351,30/12/2016 10:31,FALSE,FALSE,0,FALSE,30/12/2016 10:31,0
352,352,30/12/2016 21:34,TRUE,FALSE,0,FALSE,30/12/2016 21:34,0
353,353,31/12/2016 10:29,FALSE,FALSE,0,FALSE,31/12/2016 10:29,0
354,354,31/12/2016 21:41,TRUE,FALSE,0,FALSE,31/12/2016 21:41,0
355,355,01/01/2017 10:24,FALSE,FALSE,0,FALSE,01/01/2017 10:24,0
356,356,01/01/2017 21:32,TRUE,FALSE,0,FALSE,01/01/2017 21:32,0
357,357,02/01/2017 10:34,FALSE,FALSE,0,FALSE,02/01/2017 10:34,0
358,358,02/01/2017 21:35,TRUE,FALSE,0,FALSE,02/01/2017 21:35,0
359,359,03/01/2017 10:30,FALSE,FALSE,0,FALSE,03/01/2017 10:30,0
360,360,03/01/2017 21:32,TRUE,FALSE,0,FALSE,03/01/2017 21:32,0
361,361,04/01/2017 10:30,FALSE,FALSE,0,FALSE,04/01/2017 10:30,0
362,362,04/01/2017 21:33,TRUE,FALSE,0,FALSE,04/01/2017 21:33,0
363,363,05/01/2017 10:22,FALSE,FALSE,0,FALSE,05/01/2017 10:22,0
364,364,05/01/2017 21:34,TRUE,FALSE,0,FALSE,05/01/2017 21:34,0
365,365,06/01/2017 10:24,FALSE,FALSE,0,FALSE,06/01/2017 10:24,0
366,366,06/01/2017 21:35,TRUE,FALSE,0,FALSE,06/01/2017 21:35,0
367,367,07/01/2017 10:14,FALSE,FALSE,0,FALSE,07/01/2017 10:14,0
368,368,07/01/2017 21:32,TRUE,FALSE,0,FALSE,07/01/2017 21:32,0
369,369,08/01/2017 10:37,FALSE,FALSE,0,FALSE,08/01/2017 10:37,0
370,370,08/01/2017 21:38,TRUE,FALSE,0,FALSE,08/01/2017 21:38,0
371,371,09/01/2017 10:37,FALSE,FALSE,0,FALSE,09/01/2017 10:37,0
372,372,09/01/2017 21:41,TRUE,FALSE,0,FALSE,09/01/2017 21:41,0
373,373,10/01/2017 10:33,FALSE,FALSE,0,FALSE,10/01/2017 10:33,0
374,374,10/01/2017 21:34,TRUE,FALSE,0,FALSE,10/01/2017 21:34,0
375,375,11/01/2017 10:36,FALSE,FALSE,0,FALSE,11/01/2017 10:36,0
376,376,11/01/2017 21:38,TRUE,FALSE,0,FALSE,11/01/2017 21:38,0
377,377,12/01/2017 10:33,FALSE,FALSE,0,FALSE,12/01/2017 10:33,0
378,378,12/01/2017 21:38,TRUE,FALSE,0,FALSE,12/01/2017 21:38,0
379,379,13/01/2017 10:24,FALSE,FALSE,0,FALSE,13/01/2017 10:24,0
380,380,13/01/2017 21:45,TRUE,FALSE,0,FALSE,13/01/2017 21:45,0
381,381,14/01/2017 10:28,FALSE,FALSE,0,FALSE,14/01/2017 10:28,0
382,382,14/01/2017 21:37,TRUE,FALSE,0,FALSE,14/01/2017 21:37,0
383,383,15/01/2017 10:37,FALSE,FALSE,0,FALSE,15/01/2017 10:37,0
384,384,15/01/2017 21:41,TRUE,FALSE,0,FALSE,15/01/2017 21:41,0
385,385,16/01/2017 10:40,FALSE,FALSE,0,FALSE,16/01/2017 10:40,0
386,386,16/01/2017 21:46,TRUE,FALSE,0,FALSE,16/01/2017 21:46,0
387,387,17/01/2017 10:35,FALSE,FALSE,0,FALSE,17/01/2017 10:35,0
388,388,17/01/2017 21:37,TRUE,FALSE,0,FALSE,17/01/2017 21:37,0
389,389,18/01/2017 10:30,FALSE,FALSE,0,FALSE,18/01/2017 10:30,0
390,390,18/01/2017 21:39,TRUE,FALSE,0,FALSE,18/01/2017 21:39,0
391,391,19/01/2017 10:40,FALSE,FALSE,0,FALSE,19/01/2017 10:40,0
392,392,19/01/2017 21:37,TRUE,FALSE,0,FALSE,19/01/2017 21:37,0
393,393,20/01/2017 10:19,FALSE,FALSE,0,FALSE,20/01/2017 10:19,0
394,394,20/01/2017 21:47,TRUE,FALSE,0,FALSE,20/01/2017 21:47,0
395,395,21/01/2017 10:31,FALSE,FALSE,0,FALSE,21/01/2017 10:31,0
396,396,21/01/2017 21:42,TRUE,FALSE,0,FALSE,21/01/2017 21:42,0
397,397,22/01/2017 10:29,FALSE,FALSE,0,FALSE,22/01/2017 10:29,0
398,398,22/01/2017 21:45,TRUE,FALSE,0,FALSE,22/01/2017 21:45,0
399,399,23/01/2017 10:35,FALSE,FALSE,0,FALSE,23/01/2017 10:35,0
400,400,23/01/2017 21:42,TRUE,FALSE,0,FALSE,23/01/2017 21:42,0
401,401,24/01/2017 10:31,FALSE,FALSE,0,FALSE,24/01/2017 10:31,0
402,402,24/01/2017 21:43,TRUE,FALSE,0,FALSE,24/01/2017 21:43,0
403,403,25/01/2017 10:33,FALSE,FALSE,0,FALSE,25/01/2017 10:33,0
404,404,25/01/2017 21:43,TRUE,FALSE,0,FALSE,25/01/2017 21:43,0
405,405,26/01/2017 10:28,FALSE,FALSE,0,FALSE,26/01/2017 10:28,0
406,406,26/01/2017 21:49,TRUE,FALSE,0,FALSE,26/01/2017 21:49,0
407,407,27/01/2017 10:35,FALSE,FALSE,0,FALSE,27/01/2017 10:35,0
408,408,27/01/2017 21:49,TRUE,FALSE,0,FALSE,27/01/2017 21:49,0
409,409,28/01/2017 10:28,FALSE,FALSE,0,FALSE,28/01/2017 10:28,0
410,410,28/01/2017 21:44,TRUE,FALSE,0,FALSE,28/01/2017 21:44,0
411,411,29/01/2017 10:31,FALSE,FALSE,0,FALSE,29/01/2017 10:31,0
412,412,29/01/2017 21:41,TRUE,FALSE,0,FALSE,29/01/2017 21:41,0
413,413,30/01/2017 10:31,FALSE,FALSE,0,FALSE,30/01/2017 10:31,0
414,414,30/01/2017 21:47,TRUE,FALSE,0,FALSE,30/01/2017 21:47,0
415,415,31/01/2017 10:29,FALSE,FALSE,0,FALSE,31/01/2017 10:29,0
416,416,31/01/2017 21:46,TRUE,FALSE,0,FALSE,31/01/2017 21:46,0
417,417,01/02/2017 10:40,FALSE,FALSE,0,FALSE,01/02/2017 10:40,0
418,418,01/02/2017 21:51,TRUE,FALSE,0,FALSE,01/02/2017 21:51,0
419,419,02/02/2017 10:14,FALSE,FALSE,0,FALSE,02/02/2017 10:14,0
420,420,02/02/2017 21:45,TRUE,FALSE,0,FALSE,02/02/2017 21:45,0
421,421,03/02/2017 10:35,FALSE,FALSE,0,FALSE,03/02/2017 10:35,0
422,422,03/02/2017 21:46,TRUE,FALSE,0,FALSE,03/02/2017 21:46,0
423,423,04/02/2017 10:30,FALSE,FALSE,0,FALSE,04/02/2017 10:30,0
424,424,04/02/2017 21:48,TRUE,FALSE,0,FALSE,04/02/2017 21:48,0
425,425,05/02/2017 10:29,FALSE,FALSE,0,FALSE,05/02/2017 10:29,0
426,426,05/02/2017 21:44,TRUE,FALSE,0,FALSE,05/02/2017 21:44,0
427,427,06/02/2017 10:36,FALSE,FALSE,0,FALSE,06/02/2017 10:36,0
428,428,06/02/2017 21:51,TRUE,FALSE,0,FALSE,06/02/2017 21:51,0
429,429,07/02/2017 10:34,FALSE,FALSE,0,FALSE,07/02/2017 10:34,0
430,430,07/02/2017 21:48,TRUE,FALSE,0,FALSE,07/02/2017 21:48,0
431,431,08/02/2017 10:39,FALSE,FALSE,0,FALSE,08/02/2017 10:39,0
432,432,08/02/2017 21:44,TRUE,FALSE,0,FALSE,08/02/2017 21:44,0
433,433,09/02/2017 10:35,FALSE,FALSE,0,FALSE,09/02/2017 10:35,0
434,434,09/02/2017 21:50,TRUE,FALSE,0,FALSE,09/02/2017 21:50,0
435,435,10/02/2017 10:36,FALSE,FALSE,0,FALSE,10/02/2017 10:36,0
436,436,10/02/2017 21:50,TRUE,FALSE,0,FALSE,10/02/2017 21:50,0
437,437,11/02/2017 10:40,FALSE,FALSE,0,FALSE,11/02/2017 10:40,0
438,438,11/02/2017 21:48,TRUE,FALSE,0,FALSE,11/02/2017 21:48,0
439,439,12/02/2017 10:33,FALSE,FALSE,0,FALSE,12/02/2017 10:33,0
440,440,12/02/2017 21:44,TRUE,FALSE,0,FALSE,12/02/2017 21:44,0
441,441,13/02/2017 10:35,FALSE,FALSE,0,FALSE,13/02/2017 10:35,0
442,442,13/02/2017 21:47,TRUE,FALSE,0,FALSE,13/02/2017 21:47,0
443,443,14/02/2017 10:25,FALSE,FALSE,0,FALSE,14/02/2017 10:25,0
444,444,14/02/2017 21:55,TRUE,FALSE,0,FALSE,14/02/2017 21:55,0
445,445,15/02/2017 10:35,FALSE,FALSE,0,FALSE,15/02/2017 10:35,0
446,446,15/02/2017 21:48,TRUE,FALSE,0,FALSE,15/02/2017 21:48,0
447,447,16/02/2017 10:32,FALSE,FALSE,0,FALSE,16/02/2017 10:32,0
448,448,16/02/2017 21:48,TRUE,FALSE,0,FALSE,16/02/2017 21:48,0
449,449,17/02/2017 10:29,FALSE,FALSE,0,FALSE,17/02/2017 10:29,0
450,450,17/02/2017 21:53,TRUE,FALSE,0,FALSE,17/02/2017 21:53,0
451,451,18/02/2017 10:39,FALSE,FALSE,0,FALSE,18/02/2017 10:39,0
452,452,18/02/2017 21:54,TRUE,FALSE,0,FALSE,18/02/2017 21:54,0
453,453,19/02/2017 10:38,FALSE,FALSE,0,FALSE,19/02/2017 10:38,0
454,454,19/02/2017 21:46,TRUE,FALSE,0,FALSE,19/02/2017 21:46,0
455,455,20/02/2017 10:29,FALSE,FALSE,0,FALSE,20/02/2017 10:29,0
456,456,20/02/2017 21:57,TRUE,FALSE,0,FALSE,20/02/2017 21:57,0
457,457,21/02/2017 10:36,FALSE,FALSE,0,FALSE,21/02/2017 10:36,0
458,458,21/02/2017 22:00,TRUE,FALSE,0,FALSE,21/02/2017 22:00,0
459,459,22/02/2017 10:37,FALSE,FALSE,0,FALSE,22/02/2017 10:37,0
460,460,22/02/2017 21:46,TRUE,FALSE,0,FALSE,22/02/2017 21:46,0
461,461,23/02/2017 10:26,FALSE,FALSE,0,FALSE,23/02/2017 10:26,0
462,462,23/02/2017 21:48,TRUE,FALSE,0,FALSE,23/02/2017 21:48,0
463,463,24/02/2017 10:37,FALSE,FALSE,0,FALSE,24/02/2017 10:37,0
464,464,24/02/2017 21:47,TRUE,FALSE,0,FALSE,24/02/2017 21:47,0
465,465,25/02/2017 10:32,FALSE,FALSE,0,FALSE,25/02/2017 10:32,0
466,466,25/02/2017 22:00,TRUE,FALSE,0,FALSE,25/02/2017 22:00,0
467,467,26/02/2017 10:35,FALSE,FALSE,0,FALSE,26/02/2017 10:35,0
468,468,26/02/2017 21:45,TRUE,FALSE,0,FALSE,26/02/2017 21:45,0
469,469,27/02/2017 10:35,FALSE,FALSE,0,FALSE,27/02/2017 10:35,0
470,470,27/02/2017 21:43,TRUE,FALSE,0,FALSE,27/02/2017 21:43,0
471,471,28/02/2017 10:34,FALSE,FALSE,0,FALSE,28/02/2017 10:34,0
472,472,28/02/2017 21:50,TRUE,FALSE,0,FALSE,28/02/2017 21:50,0
473,473,01/03/2017 10:35,FALSE,FALSE,0,FALSE,01/03/2017 10:35,0
474,474,01/03/2017 21:46,TRUE,FALSE,0,FALSE,01/03/2017 21:46,0
475,475,02/03/2017 10:32,FALSE,FALSE,0,FALSE,02/03/2017 10:32,0
476,476,02/03/2017 21:48,TRUE,FALSE,0,FALSE,02/03/2017 21:48,0
477,477,03/03/2017 10:31,FALSE,FALSE,0,FALSE,03/03/2017 10:31,0
478,478,03/03/2017 21:45,TRUE,FALSE,0,FALSE,03/03/2017 21:45,0
479,479,04/03/2017 10:32,FALSE,FALSE,0,FALSE,04/03/2017 10:32,0
480,480,04/03/2017 21:51,TRUE,FALSE,0,FALSE,04/03/2017 21:51,0
481,481,05/03/2017 10:26,FALSE,FALSE,0,FALSE,05/03/2017 10:26,0
482,482,05/03/2017 21:46,TRUE,FALSE,0,FALSE,05/03/2017 21:46,0
483,483,06/03/2017 10:32,FALSE,FALSE,0,FALSE,06/03/2017 10:32,0
484,484,06/03/2017 21:45,TRUE,FALSE,0,FALSE,06/03/2017 21:45,0
485,485,07/03/2017 10:32,FALSE,FALSE,0,FALSE,07/03/2017 10:32,0
486,486,07/03/2017 21:43,TRUE,FALSE,0,FALSE,07/03/2017 21:43,0
487,487,08/03/2017 10:30,FALSE,FALSE,0,FALSE,08/03/2017 10:30,0
488,488,08/03/2017 21:44,TRUE,FALSE,0,FALSE,08/03/2017 21:44,0
489,489,09/03/2017 10:26,FALSE,FALSE,0,FALSE,09/03/2017 10:26,0
490,490,09/03/2017 21:44,TRUE,FALSE,0,FALSE,09/03/2017 21:44,0
491,491,10/03/2017 10:27,FALSE,FALSE,0,FALSE,10/03/2017 10:27,0
492,492,10/03/2017 21:48,TRUE,FALSE,0,FALSE,10/03/2017 21:48,0
493,493,11/03/2017 10:25,FALSE,FALSE,0,FALSE,11/03/2017 10:25,0
494,494,11/03/2017 21:43,TRUE,FALSE,0,FALSE,11/03/2017 21:43,0
495,495,12/03/2017 10:24,FALSE,FALSE,0,FALSE,12/03/2017 10:24,0
496,496,12/03/2017 21:41,TRUE,FALSE,0,FALSE,12/03/2017 21:41,0
497,497,13/03/2017 10:26,FALSE,FALSE,0,FALSE,13/03/2017 10:26,0
498,498,13/03/2017 21:48,TRUE,FALSE,0,FALSE,13/03/2017 21:48,0
499,499,14/03/2017 10:25,FALSE,FALSE,0,FALSE,14/03/2017 10:25,0
500,500,14/03/2017 21:46,TRUE,FALSE,0,FALSE,14/03/2017 21:46,0
501,501,15/03/2017 10:26,FALSE,FALSE,0,FALSE,15/03/2017 10:26,0
502,502,15/03/2017 21:45,TRUE,FALSE,0,FALSE,15/03/2017 21:45,0
503,503,16/03/2017 10:25,FALSE,FALSE,0,FALSE,16/03/2017 10:25,0
504,504,16/03/2017 21:46,TRUE,FALSE,0,FALSE,16/03/2017 21:46,0
505,505,17/03/2017 10:22,FALSE,FALSE,0,FALSE,17/03/2017 10:22,0
506,506,17/03/2017 21:46,TRUE,FALSE,0,FALSE,17/03/2017 21:46,0
507,507,18/03/2017 10:27,FALSE,FALSE,0,FALSE,18/03/2017 10:27,0
508,508,18/03/2017 21:46,TRUE,FALSE,0,FALSE,18/03/2017 21:46,0
509,509,19/03/2017 10:24,FALSE,FALSE,0,FALSE,19/03/2017 10:24,0
510,510,19/03/2017 21:56,TRUE,FALSE,0,FALSE,19/03/2017 21:56,0
511,511,20/03/2017 10:27,FALSE,FALSE,0,FALSE,20/03/2017 10:27,0
512,512,20/03/2017 21:42,TRUE,FALSE,0,FALSE,20/03/2017 21:42,0
513,513,21/03/2017 10:25,FALSE,FALSE,0,FALSE,21/03/2017 10:25,0
514,514,21/03/2017 21:44,TRUE,FALSE,0,FALSE,21/03/2017 21:44,0
515,515,22/03/2017 10:24,FALSE,FALSE,0,FALSE,22/03/2017 10:24,0
516,516,22/03/2017 21:37,TRUE,FALSE,0,FALSE,22/03/2017 21:37,0
517,517,23/03/2017 10:23,FALSE,FALSE,0,FALSE,23/03/2017 10:23,0
518,518,23/03/2017 21:41,TRUE,FALSE,0,FALSE,23/03/2017 21:41,0
519,519,24/03/2017 10:20,FALSE,FALSE,0,FALSE,24/03/2017 10:20,0
520,520,24/03/2017 21:41,TRUE,FALSE,0,FALSE,24/03/2017 21:41,0
521,521,25/03/2017 10:20,FALSE,FALSE,0,FALSE,25/03/2017 10:20,0
522,522,25/03/2017 21:53,TRUE,FALSE,0,FALSE,25/03/2017 21:53,0
523,523,26/03/2017 10:17,FALSE,FALSE,0,FALSE,26/03/2017 10:17,0
524,524,26/03/2017 21:47,TRUE,FALSE,0,FALSE,26/03/2017 21:47,0
525,525,27/03/2017 10:20,FALSE,FALSE,0,FALSE,27/03/2017 10:20,0
526,526,27/03/2017 21:40,TRUE,FALSE,0,FALSE,27/03/2017 21:40,0
527,527,28/03/2017 10:22,FALSE,FALSE,0,FALSE,28/03/2017 10:22,0
528,528,28/03/2017 21:40,TRUE,FALSE,0,FALSE,28/03/2017 21:40,0
529,529,29/03/2017 10:22,FALSE,FALSE,0,FALSE,29/03/2017 10:22,0
530,530,29/03/2017 21:44,TRUE,FALSE,0,FALSE,29/03/2017 21:44,0
531,531,30/03/2017 10:18,FALSE,FALSE,0,FALSE,30/03/2017 10:18,0
532,532,30/03/2017 21:38,TRUE,FALSE,0,FALSE,30/03/2017 21:38,0
533,533,31/03/2017 10:16,FALSE,FALSE,0,FALSE,31/03/2017 10:16,0
534,534,31/03/2017 21:37,TRUE,FALSE,0,FALSE,31/03/2017 21:37,0
535,535,01/04/2017 10:20,FALSE,FALSE,0,FALSE,01/04/2017 10:20,0
536,536,01/04/2017 21:47,TRUE,FALSE,0,FALSE,01/04/2017 21:47,0
537,537,02/04/2017 10:16,FALSE,FALSE,0,FALSE,02/04/2017 10:16,0
538,538,02/04/2017 21:39,TRUE,FALSE,0,FALSE,02/04/2017 21:39,0
539,539,03/04/2017 10:18,FALSE,FALSE,0,FALSE,03/04/2017 10:18,0
540,540,03/04/2017 21:46,TRUE,FALSE,0,FALSE,03/04/2017 21:46,0
541,541,04/04/2017 10:18,FALSE,FALSE,0,FALSE,04/04/2017 10:18,0
542,542,04/04/2017 21:51,TRUE,FALSE,0,FALSE,04/04/2017 21:51,0
543,543,05/04/2017 10:16,FALSE,FALSE,0,FALSE,05/04/2017 10:16,0
544,544,05/04/2017 21:44,TRUE,FALSE,0,FALSE,05/04/2017 21:44,0
545,545,06/04/2017 10:15,FALSE,FALSE,0,FALSE,06/04/2017 10:15,0
546,546,06/04/2017 21:38,TRUE,FALSE,0,FALSE,06/04/2017 21:38,0
547,547,07/04/2017 10:09,FALSE,FALSE,0,FALSE,07/04/2017 10:09,0
548,548,07/04/2017 21:46,TRUE,FALSE,0,FALSE,07/04/2017 21:46,0
549,549,08/04/2017 10:15,FALSE,FALSE,0,FALSE,08/04/2017 10:15,0
550,550,08/04/2017 21:45,TRUE,FALSE,0,FALSE,08/04/2017 21:45,0
551,551,09/04/2017 10:16,FALSE,FALSE,0,FALSE,09/04/2017 10:16,0
552,552,09/04/2017 21:49,TRUE,FALSE,0,FALSE,09/04/2017 21:49,0
553,553,10/04/2017 10:12,FALSE,FALSE,0,FALSE,10/04/2017 10:12,0
554,554,10/04/2017 21:45,TRUE,FALSE,0,FALSE,10/04/2017 21:45,0
555,555,11/04/2017 10:15,FALSE,FALSE,0,FALSE,11/04/2017 10:15,0
556,556,11/04/2017 21:41,TRUE,FALSE,0,FALSE,11/04/2017 21:41,0
557,557,12/04/2017 10:10,FALSE,FALSE,0,FALSE,12/04/2017 10:10,0
558,558,12/04/2017 21:46,TRUE,FALSE,0,FALSE,12/04/2017 21:46,0
559,559,13/04/2017 10:10,FALSE,FALSE,0,FALSE,13/04/2017 10:10,0
560,560,13/04/2017 21:49,TRUE,FALSE,0,FALSE,13/04/2017 21:49,0
561,561,14/04/2017 10:14,FALSE,FALSE,0,FALSE,14/04/2017 10:14,0
562,562,14/04/2017 21:43,TRUE,FALSE,0,FALSE,14/04/2017 21:43,0
563,563,15/04/2017 10:15,FALSE,FALSE,0,FALSE,15/04/2017 10:15,0
564,564,15/04/2017 21:41,TRUE,FALSE,0,FALSE,15/04/2017 21:41,0
565,565,16/04/2017 10:16,FALSE,FALSE,0,FALSE,16/04/2017 10:16,0
566,566,16/04/2017 21:39,TRUE,FALSE,0,FALSE,16/04/2017 21:39,0
567,567,17/04/2017 10:13,FALSE,FALSE,0,FALSE,17/04/2017 10:13,0
568,568,17/04/2017 21:39,TRUE,FALSE,0,FALSE,17/04/2017 21:39,0
569,569,18/04/2017 10:17,FALSE,FALSE,0,FALSE,18/04/2017 10:17,0
570,570,18/04/2017 21:40,TRUE,FALSE,0,FALSE,18/04/2017 21:40,0
571,571,19/04/2017 10:16,FALSE,FALSE,0,FALSE,19/04/2017 10:16,0
572,572,19/04/2017 21:34,TRUE,FALSE,0,FALSE,19/04/2017 21:34,0
573,573,20/04/2017 10:08,FALSE,FALSE,0,FALSE,20/04/2017 10:08,0
574,574,20/04/2017 21:41,TRUE,FALSE,0,FALSE,20/04/2017 21:41,0
575,575,21/04/2017 10:12,FALSE,FALSE,0,FALSE,21/04/2017 10:12,0
576,576,21/04/2017 21:38,TRUE,FALSE,0,FALSE,21/04/2017 21:38,0
577,577,22/04/2017 10:13,FALSE,FALSE,0,FALSE,22/04/2017 10:13,0
578,578,22/04/2017 21:32,TRUE,FALSE,0,FALSE,22/04/2017 21:32,0
579,579,23/04/2017 10:16,FALSE,FALSE,0,FALSE,23/04/2017 10:16,0
580,580,23/04/2017 21:31,TRUE,FALSE,0,FALSE,23/04/2017 21:31,0
581,581,24/04/2017 10:16,FALSE,FALSE,0,FALSE,24/04/2017 10:16,0
582,582,24/04/2017 21:30,TRUE,FALSE,0,FALSE,24/04/2017 21:30,0
583,583,25/04/2017 10:26,FALSE,FALSE,0,FALSE,25/04/2017 10:26,0
584,584,25/04/2017 21:29,TRUE,FALSE,0,FALSE,25/04/2017 21:29,0
585,585,26/04/2017 10:25,FALSE,FALSE,0,FALSE,26/04/2017 10:25,0
586,586,26/04/2017 21:31,TRUE,FALSE,0,FALSE,26/04/2017 21:31,0
587,587,27/04/2017 10:25,FALSE,FALSE,0,FALSE,27/04/2017 10:25,0
588,588,27/04/2017 21:32,TRUE,FALSE,0,FALSE,27/04/2017 21:32,0
589,589,28/04/2017 10:20,FALSE,FALSE,0,FALSE,28/04/2017 10:20,0
590,590,28/04/2017 21:28,TRUE,FALSE,0,FALSE,28/04/2017 21:28,0
591,591,29/04/2017 10:24,FALSE,FALSE,0,FALSE,29/04/2017 10:24,0
592,592,29/04/2017 21:28,TRUE,FALSE,0,FALSE,29/04/2017 21:28,0
593,593,30/04/2017 10:27,FALSE,FALSE,0,FALSE,30/04/2017 10:27,0
594,594,30/04/2017 21:29,TRUE,FALSE,0,FALSE,30/04/2017 21:29,0
595,595,01/05/2017 10:30,FALSE,FALSE,0,FALSE,01/05/2017 10:30,0
596,596,01/05/2017 21:28,TRUE,FALSE,0,FALSE,01/05/2017 21:28,0
597,597,02/05/2017 10:26,FALSE,FALSE,0,FALSE,02/05/2017 10:26,0
598,598,02/05/2017 21:35,TRUE,FALSE,0,FALSE,02/05/2017 21:35,0
599,599,03/05/2017 10:28,FALSE,FALSE,0,FALSE,03/05/2017 10:28,0
600,600,03/05/2017 21:27,TRUE,FALSE,0,FALSE,03/05/2017 21:27,0
601,601,04/05/2017 10:28,FALSE,FALSE,0,FALSE,04/05/2017 10:28,0
602,602,04/05/2017 21:31,TRUE,FALSE,0,FALSE,04/05/2017 21:31,0
603,603,05/05/2017 10:56,FALSE,FALSE,0,FALSE,05/05/2017 10:56,0
604,604,05/05/2017 21:30,TRUE,FALSE,0,FALSE,05/05/2017 21:30,0
605,605,06/05/2017 11:11,FALSE,FALSE,0,FALSE,06/05/2017 11:11,0
606,606,06/05/2017 21:23,TRUE,FALSE,0,FALSE,06/05/2017 21:23,0
607,607,07/05/2017 11:04,FALSE,FALSE,0,FALSE,07/05/2017 11:04,0
608,608,07/05/2017 21:23,TRUE,FALSE,0,FALSE,07/05/2017 21:23,0
609,609,08/05/2017 11:05,FALSE,FALSE,0,FALSE,08/05/2017 11:05,0
610,610,08/05/2017 21:11,TRUE,FALSE,0,FALSE,08/05/2017 21:11,0
611,611,09/05/2017 11:02,FALSE,FALSE,0,FALSE,09/05/2017 11:02,0
612,612,09/05/2017 20:58,TRUE,FALSE,0,FALSE,09/05/2017 20:58,0
613,613,10/05/2017 10:45,FALSE,FALSE,0,FALSE,10/05/2017 10:45,0
614,614,10/05/2017 20:51,TRUE,FALSE,0,FALSE,10/05/2017 20:51,0
615,615,11/05/2017 10:49,FALSE,FALSE,0,FALSE,11/05/2017 10:49,0
616,616,11/05/2017 20:51,TRUE,FALSE,0,FALSE,11/05/2017 20:51,0
617,617,12/05/2017 10:32,FALSE,FALSE,0,FALSE,12/05/2017 10:32,0
618,618,12/05/2017 21:04,TRUE,FALSE,0,FALSE,12/05/2017 21:04,0
619,619,13/05/2017 10:37,FALSE,FALSE,0,FALSE,13/05/2017 10:37,0
620,620,13/05/2017 20:47,TRUE,FALSE,0,FALSE,13/05/2017 20:47,0
621,621,14/05/2017 10:46,FALSE,FALSE,0,FALSE,14/05/2017 10:46,0
622,622,14/05/2017 20:50,TRUE,FALSE,0,FALSE,14/05/2017 20:50,0
623,623,15/05/2017 10:35,FALSE,FALSE,0,FALSE,15/05/2017 10:35,0
624,624,15/05/2017 21:06,TRUE,FALSE,0,FALSE,15/05/2017 21:06,0
625,625,16/05/2017 10:41,FALSE,FALSE,0,FALSE,16/05/2017 10:41,0
626,626,16/05/2017 20:47,TRUE,FALSE,0,FALSE,16/05/2017 20:47,0
627,627,17/05/2017 10:48,FALSE,FALSE,0,FALSE,17/05/2017 10:48,0
628,628,17/05/2017 20:57,TRUE,FALSE,0,FALSE,17/05/2017 20:57,0
629,629,18/05/2017 10:51,FALSE,FALSE,0,FALSE,18/05/2017 10:51,0
630,630,18/05/2017 20:53,TRUE,FALSE,0,FALSE,18/05/2017 20:53,0
631,631,19/05/2017 10:45,FALSE,FALSE,0,FALSE,19/05/2017 10:45,0
632,632,19/05/2017 20:42,TRUE,FALSE,0,FALSE,19/05/2017 20:42,0
633,633,20/05/2017 10:57,FALSE,FALSE,0,FALSE,20/05/2017 10:57,0
634,634,20/05/2017 20:34,TRUE,FALSE,0,FALSE,20/05/2017 20:34,0
635,635,21/05/2017 10:57,FALSE,FALSE,0,FALSE,21/05/2017 10:57,0
636,636,21/05/2017 20:26,TRUE,FALSE,0,FALSE,21/05/2017 20:26,0
637,637,22/05/2017 10:55,FALSE,FALSE,0,FALSE,22/05/2017 10:55,0
638,638,22/05/2017 20:29,TRUE,FALSE,0,FALSE,22/05/2017 20:29,0
639,639,23/05/2017 10:50,FALSE,FALSE,0,FALSE,23/05/2017 10:50,0
640,640,23/05/2017 20:49,TRUE,FALSE,0,FALSE,23/05/2017 20:49,0
641,641,24/05/2017 10:47,FALSE,FALSE,0,FALSE,24/05/2017 10:47,0
642,642,24/05/2017 20:41,TRUE,FALSE,0,FALSE,24/05/2017 20:41,0
643,643,25/05/2017 11:01,FALSE,FALSE,0,FALSE,25/05/2017 11:01,0
644,644,25/05/2017 20:35,TRUE,FALSE,0,FALSE,25/05/2017 20:35,0
645,645,26/05/2017 10:55,FALSE,FALSE,0,FALSE,26/05/2017 10:55,0
646,646,26/05/2017 20:45,TRUE,FALSE,0,FALSE,26/05/2017 20:45,0
647,647,27/05/2017 10:53,FALSE,FALSE,0,FALSE,27/05/2017 10:53,0
648,648,27/05/2017 20:43,TRUE,FALSE,0,FALSE,27/05/2017 20:43,0
649,649,28/05/2017 10:55,FALSE,FALSE,0,FALSE,28/05/2017 10:55,0
650,650,28/05/2017 20:38,TRUE,FALSE,0,FALSE,28/05/2017 20:38,0
651,651,29/05/2017 11:02,FALSE,FALSE,0,FALSE,29/05/2017 11:02,0
652,652,29/05/2017 20:15,TRUE,FALSE,0,FALSE,29/05/2017 20:15,0
653,653,30/05/2017 10:56,FALSE,FALSE,0,FALSE,30/05/2017 10:56,0
654,654,30/05/2017 20:00,TRUE,FALSE,0,FALSE,30/05/2017 16:09,0
655,655,31/05/2017 10:53,FALSE,FALSE,0,FALSE,31/05/2017 10:53,0
656,656,31/05/2017 19:56,TRUE,FALSE,0,FALSE,31/05/2017 18:11,0
657,657,01/06/2017 10:45,FALSE,FALSE,0,FALSE,01/06/2017 10:45,0
658,658,01/06/2017 19:24,TRUE,FALSE,0,FALSE,01/06/2017 19:24,0
659,659,02/06/2017 10:25,FALSE,FALSE,0,FALSE,02/06/2017 10:25,0
660,660,02/06/2017 18:46,TRUE,FALSE,0,FALSE,02/06/2017 18:46,0
661,661,03/06/2017 10:27,FALSE,FALSE,0,FALSE,03/06/2017 10:27,0
662,662,03/06/2017 18:42,TRUE,FALSE,0,FALSE,03/06/2017 18:42,0
663,663,04/06/2017 10:24,FALSE,FALSE,0,FALSE,04/06/2017 10:24,0
664,664,04/06/2017 18:40,TRUE,FALSE,0,FALSE,04/06/2017 18:40,0
665,665,05/06/2017 11:20,FALSE,FALSE,0,FALSE,05/06/2017 11:20,0
666,666,05/06/2017 18:04,TRUE,FALSE,0,FALSE,05/06/2017 18:04,0
667,667,06/06/2017 10:42,FALSE,FALSE,0,FALSE,06/06/2017 10:42,0
668,668,06/06/2017 17:34,TRUE,FALSE,0,FALSE,06/06/2017 17:34,0
669,669,07/06/2017 10:52,FALSE,FALSE,0,FALSE,07/06/2017 10:52,0
670,670,07/06/2017 16:45,TRUE,FALSE,0,FALSE,07/06/2017 16:45,0
671,671,08/06/2017 11:04,FALSE,FALSE,0,FALSE,08/06/2017 11:04,0
672,672,08/06/2017 16:22,TRUE,FALSE,0,FALSE,08/06/2017 16:22,0
673,673,09/06/2017 11:12,FALSE,FALSE,0,FALSE,09/06/2017 11:12,0
674,674,09/06/2017 15:50,TRUE,FALSE,0,FALSE,09/06/2017 15:50,0
675,675,10/06/2017 11:43,FALSE,FALSE,0,FALSE,10/06/2017 11:43,0
676,676,10/06/2017 15:28,TRUE,FALSE,0,FALSE,10/06/2017 15:28,0