"","Twilight","Rise","Deleted","Marker","Inserted","Twilight3","Marker3"
"1",2016-07-08 11:34:17,FALSE,FALSE,0,FALSE,2016-07-08 11:34:17,0
"2",2016-07-08 13:27:47,TRUE,FALSE,0,FALSE,2016-07-08 12:45:51,0
"3",2016-07-09 11:26:17,FALSE,FALSE,0,FALSE,2016-07-09 11:26:17,0
"4",2016-07-09 13:24:01,TRUE,FALSE,0,FALSE,2016-07-09 13:24:01,0
"5",2016-07-10 11:30:32,FALSE,FALSE,0,FALSE,2016-07-10 10:50:26,0
"6",2016-07-10 13:36:35,TRUE,FALSE,0,FALSE,2016-07-10 13:59:39,0
"7",2016-07-11 11:25:37,FALSE,FALSE,0,FALSE,2016-07-11 11:25:37,0
"8",2016-07-11 13:40:14,TRUE,FALSE,0,FALSE,2016-07-11 13:15:52,0
"9",2016-07-12 11:14:21,FALSE,FALSE,0,FALSE,2016-07-12 11:14:21,0
"10",2016-07-12 13:45:53,TRUE,FALSE,0,FALSE,2016-07-12 13:45:53,0
"11",2016-07-13 11:02:40,FALSE,FALSE,0,FALSE,2016-07-13 10:18:06,0
"12",2016-07-13 13:35:54,TRUE,FALSE,0,FALSE,2016-07-13 13:35:54,0
"13",2016-07-14 10:54:22,FALSE,FALSE,0,FALSE,2016-07-14 10:54:22,0
"14",2016-07-14 13:54:41,TRUE,FALSE,0,FALSE,2016-07-14 13:54:41,0
"15",2016-07-15 10:57:17,FALSE,FALSE,0,FALSE,2016-07-15 10:57:17,0
"16",2016-07-15 14:02:12,TRUE,FALSE,0,FALSE,2016-07-15 14:02:12,0
"17",2016-07-16 10:41:03,FALSE,FALSE,0,FALSE,2016-07-16 10:41:03,0
"18",2016-07-16 13:40:55,TRUE,FALSE,0,FALSE,2016-07-16 13:40:55,0
"19",2016-07-17 10:40:41,FALSE,FALSE,0,FALSE,2016-07-17 10:40:41,0
"20",2016-07-17 14:02:13,TRUE,FALSE,0,FALSE,2016-07-17 14:02:13,0
"21",2016-07-18 10:57:18,FALSE,FALSE,0,FALSE,2016-07-18 10:57:18,0
"22",2016-07-18 13:44:43,TRUE,FALSE,0,FALSE,2016-07-18 13:44:43,0
"23",2016-07-19 10:14:24,FALSE,FALSE,0,FALSE,2016-07-19 10:14:24,0
"24",2016-07-19 13:55:57,TRUE,FALSE,0,FALSE,2016-07-19 13:55:57,0
"25",2016-07-20 10:40:42,FALSE,FALSE,0,FALSE,2016-07-20 10:40:42,0
"26",2016-07-20 14:05:14,TRUE,FALSE,0,FALSE,2016-07-20 14:05:14,0
"27",2016-07-21 10:31:56,FALSE,FALSE,0,FALSE,2016-07-21 10:31:56,0
"28",2016-07-21 14:09:45,TRUE,FALSE,0,FALSE,2016-07-21 14:09:45,0
"29",2016-07-22 10:03:00,FALSE,FALSE,0,FALSE,2016-07-22 10:03:00,0
"30",2016-07-22 13:37:36,TRUE,FALSE,0,FALSE,2016-07-22 13:37:36,0
"31",2016-07-23 10:07:21,FALSE,FALSE,0,FALSE,2016-07-23 10:07:21,0
"32",2016-07-23 13:45:59,TRUE,FALSE,0,FALSE,2016-07-23 13:45:59,0
"33",2016-07-24 10:39:26,FALSE,FALSE,0,FALSE,2016-07-24 10:39:26,0
"34",2016-07-24 14:50:08,TRUE,FALSE,0,FALSE,2016-07-24 14:50:08,0
"35",2016-07-25 10:27:22,FALSE,FALSE,0,FALSE,2016-07-25 10:27:22,0
"36",2016-07-25 14:22:17,TRUE,FALSE,0,FALSE,2016-07-25 14:22:17,0
"37",2016-07-26 10:14:29,FALSE,FALSE,0,FALSE,2016-07-26 10:14:29,0
"38",2016-07-26 15:19:48,TRUE,FALSE,0,FALSE,2016-07-26 15:19:48,0
"39",2016-07-27 10:14:56,FALSE,FALSE,0,FALSE,2016-07-27 10:14:56,0
"40",2016-07-27 15:13:50,TRUE,FALSE,0,FALSE,2016-07-27 15:13:50,0
"41",2016-07-28 10:22:24,FALSE,FALSE,0,FALSE,2016-07-28 10:22:24,0
"42",2016-07-28 15:39:18,TRUE,FALSE,0,FALSE,2016-07-28 15:39:18,0
"43",2016-07-29 10:39:30,FALSE,FALSE,0,FALSE,2016-07-29 10:39:30,0
"44",2016-07-29 15:52:19,TRUE,FALSE,0,FALSE,2016-07-29 15:52:19,0
"45",2016-07-30 10:14:31,FALSE,FALSE,0,FALSE,2016-07-30 10:14:31,0
"46",2016-07-30 16:16:57,TRUE,FALSE,0,FALSE,2016-07-30 16:16:57,0
"47",2016-07-31 10:10:37,FALSE,FALSE,0,FALSE,2016-07-31 10:10:37,0
"48",2016-07-31 16:24:12,TRUE,FALSE,0,FALSE,2016-07-31 16:24:12,0
"49",2016-08-01 10:04:31,FALSE,FALSE,0,FALSE,2016-08-01 10:04:31,0
"50",2016-08-01 16:09:51,TRUE,FALSE,0,FALSE,2016-08-01 16:09:51,0
"51",2016-08-02 10:17:02,FALSE,FALSE,0,FALSE,2016-08-02 10:17:02,0
"52",2016-08-02 16:39:52,TRUE,FALSE,0,FALSE,2016-08-02 16:39:52,0
"53",2016-08-03 10:20:50,FALSE,FALSE,0,FALSE,2016-08-03 10:20:50,0
"54",2016-08-03 18:04:03,TRUE,FALSE,0,FALSE,2016-08-03 18:04:03,0
"55",2016-08-04 10:31:14,FALSE,FALSE,0,FALSE,2016-08-04 10:31:14,0
"56",2016-08-04 18:07:08,TRUE,FALSE,0,FALSE,2016-08-04 18:07:08,0
"57",2016-08-05 10:42:28,FALSE,FALSE,0,FALSE,2016-08-05 10:42:28,0
"58",2016-08-05 18:07:49,TRUE,FALSE,0,FALSE,2016-08-05 18:07:49,0
"59",2016-08-06 10:35:41,FALSE,FALSE,0,FALSE,2016-08-06 10:35:41,0
"60",2016-08-06 18:31:18,TRUE,FALSE,0,FALSE,2016-08-06 18:31:18,0
"61",2016-08-07 10:22:49,FALSE,FALSE,0,FALSE,2016-08-07 10:22:49,0
"62",2016-08-07 18:47:26,TRUE,FALSE,0,FALSE,2016-08-07 18:47:26,0
"63",2016-08-08 10:27:55,FALSE,FALSE,0,FALSE,2016-08-08 10:27:55,0
"64",2016-08-08 18:46:19,TRUE,FALSE,0,FALSE,2016-08-08 18:46:19,0
"65",2016-08-09 10:10:42,FALSE,FALSE,0,FALSE,2016-08-09 10:10:42,0
"66",2016-08-09 19:05:25,TRUE,FALSE,0,FALSE,2016-08-09 19:05:25,0
"67",2016-08-10 10:23:00,FALSE,FALSE,0,FALSE,2016-08-10 10:23:00,0
"68",2016-08-10 19:14:56,TRUE,FALSE,0,FALSE,2016-08-10 19:14:56,0
"69",2016-08-11 10:12:51,FALSE,FALSE,0,FALSE,2016-08-11 10:12:51,0
"70",2016-08-11 19:20:06,TRUE,FALSE,0,FALSE,2016-08-11 19:20:06,0
"71",2016-08-12 10:09:12,FALSE,FALSE,0,FALSE,2016-08-12 10:09:12,0
"72",2016-08-12 19:15:23,TRUE,FALSE,0,FALSE,2016-08-12 19:15:23,0
"73",2016-08-13 10:03:44,FALSE,FALSE,0,FALSE,2016-08-13 10:03:44,0
"74",2016-08-13 19:11:22,TRUE,FALSE,0,FALSE,2016-08-13 19:11:22,0
"75",2016-08-14 10:00:56,FALSE,FALSE,0,FALSE,2016-08-14 10:00:56,0
"76",2016-08-14 19:10:48,TRUE,FALSE,0,FALSE,2016-08-14 19:10:48,0
"77",2016-08-15 09:55:34,FALSE,FALSE,0,FALSE,2016-08-15 09:55:34,0
"78",2016-08-15 19:21:33,TRUE,FALSE,0,FALSE,2016-08-15 19:21:33,0
"79",2016-08-16 09:49:30,FALSE,FALSE,0,FALSE,2016-08-16 09:49:30,0
"80",2016-08-16 19:18:17,TRUE,FALSE,0,FALSE,2016-08-16 19:18:17,0
"81",2016-08-17 09:40:57,FALSE,FALSE,0,FALSE,2016-08-17 09:40:57,0
"82",2016-08-17 19:19:36,TRUE,FALSE,0,FALSE,2016-08-17 19:19:36,0
"83",2016-08-18 09:56:41,FALSE,FALSE,0,FALSE,2016-08-18 09:56:41,0
"84",2016-08-18 19:27:31,TRUE,FALSE,0,FALSE,2016-08-18 19:27:31,0
"85",2016-08-19 09:54:40,FALSE,FALSE,0,FALSE,2016-08-19 09:54:40,0
"86",2016-08-19 19:34:01,TRUE,FALSE,0,FALSE,2016-08-19 19:34:01,0
"87",2016-08-20 09:51:22,FALSE,FALSE,0,FALSE,2016-08-20 09:51:22,0
"88",2016-08-20 19:35:51,TRUE,FALSE,0,FALSE,2016-08-20 19:35:51,0
"89",2016-08-21 10:09:03,FALSE,FALSE,0,FALSE,2016-08-21 10:09:03,0
"90",2016-08-21 20:07:17,TRUE,FALSE,0,FALSE,2016-08-21 20:07:17,0
"91",2016-08-22 10:09:43,FALSE,FALSE,0,FALSE,2016-08-22 10:09:43,0
"92",2016-08-22 20:15:53,TRUE,FALSE,0,FALSE,2016-08-22 20:15:53,0
"93",2016-08-23 10:23:03,FALSE,FALSE,0,FALSE,2016-08-23 10:23:03,0
"94",2016-08-23 20:44:19,TRUE,FALSE,0,FALSE,2016-08-23 20:44:19,0
"95",2016-08-24 10:36:58,FALSE,FALSE,0,FALSE,2016-08-24 10:36:58,0
"96",2016-08-24 21:02:55,TRUE,FALSE,0,FALSE,2016-08-24 21:02:55,0
"97",2016-08-25 10:46:00,FALSE,FALSE,0,FALSE,2016-08-25 10:46:00,0
"98",2016-08-25 21:15:10,TRUE,FALSE,0,FALSE,2016-08-25 21:15:10,0
"99",2016-08-26 10:51:46,FALSE,FALSE,0,FALSE,2016-08-26 10:51:46,0
"100",2016-08-26 21:22:08,TRUE,FALSE,0,FALSE,2016-08-26 21:22:08,0
"101",2016-08-27 10:48:58,FALSE,FALSE,0,FALSE,2016-08-27 10:48:58,0
"102",2016-08-27 21:40:14,TRUE,FALSE,0,FALSE,2016-08-27 21:40:14,0
"103",2016-08-28 10:46:47,FALSE,FALSE,0,FALSE,2016-08-28 10:46:47,0
"104",2016-08-28 21:42:12,TRUE,FALSE,0,FALSE,2016-08-28 21:42:12,0
"105",2016-08-29 10:49:11,FALSE,FALSE,0,FALSE,2016-08-29 10:49:11,0
"106",2016-08-29 21:47:28,TRUE,FALSE,0,FALSE,2016-08-29 21:47:28,0
"107",2016-08-30 10:56:30,FALSE,FALSE,0,FALSE,2016-08-30 10:56:30,0
"108",2016-08-30 21:38:03,TRUE,FALSE,0,FALSE,2016-08-30 21:38:03,0
"109",2016-08-31 10:57:12,FALSE,FALSE,0,FALSE,2016-08-31 10:57:12,0
"110",2016-08-31 21:45:46,TRUE,FALSE,0,FALSE,2016-08-31 21:45:46,0
"111",2016-09-01 10:53:55,FALSE,FALSE,0,FALSE,2016-09-01 10:53:55,0
"112",2016-09-01 21:44:08,TRUE,FALSE,0,FALSE,2016-09-01 21:44:08,0
"113",2016-09-02 10:41:49,FALSE,FALSE,0,FALSE,2016-09-02 10:41:49,0
"114",2016-09-02 21:43:59,TRUE,FALSE,0,FALSE,2016-09-02 21:43:59,0
"115",2016-09-03 10:39:48,FALSE,FALSE,0,FALSE,2016-09-03 10:39:48,0
"116",2016-09-03 21:42:39,TRUE,FALSE,0,FALSE,2016-09-03 21:42:39,0
"117",2016-09-04 10:57:04,FALSE,FALSE,0,FALSE,2016-09-04 10:57:04,0
"118",2016-09-04 21:50:26,TRUE,FALSE,0,FALSE,2016-09-04 21:50:26,0
"119",2016-09-05 10:45:31,FALSE,FALSE,0,FALSE,2016-09-05 10:45:31,0
"120",2016-09-05 22:00:16,TRUE,FALSE,0,FALSE,2016-09-05 22:00:16,0
"121",2016-09-06 11:02:55,FALSE,FALSE,0,FALSE,2016-09-06 11:02:55,0
"122",2016-09-06 22:06:15,TRUE,FALSE,0,FALSE,2016-09-06 22:06:15,0
"123",2016-09-07 11:03:58,FALSE,FALSE,0,FALSE,2016-09-07 11:03:58,0
"124",2016-09-07 22:06:24,TRUE,FALSE,0,FALSE,2016-09-07 22:06:24,0
"125",2016-09-08 11:02:40,FALSE,FALSE,0,FALSE,2016-09-08 11:02:40,0
"126",2016-09-08 22:00:04,TRUE,FALSE,0,FALSE,2016-09-08 22:00:04,0
"127",2016-09-09 11:01:53,FALSE,FALSE,0,FALSE,2016-09-09 11:01:53,0
"128",2016-09-09 22:04:28,TRUE,FALSE,0,FALSE,2016-09-09 22:04:28,0
"129",2016-09-10 11:01:58,FALSE,FALSE,0,FALSE,2016-09-10 11:01:58,0
"130",2016-09-10 21:55:19,TRUE,FALSE,0,FALSE,2016-09-10 21:55:19,0
"131",2016-09-11 11:03:27,FALSE,FALSE,0,FALSE,2016-09-11 11:03:27,0
"132",2016-09-11 22:03:05,TRUE,FALSE,0,FALSE,2016-09-11 22:03:05,0
"133",2016-09-12 11:10:51,FALSE,FALSE,0,FALSE,2016-09-12 11:10:51,0
"134",2016-09-12 22:10:44,TRUE,FALSE,0,FALSE,2016-09-12 22:10:44,0
"135",2016-09-13 11:11:25,FALSE,FALSE,0,FALSE,2016-09-13 11:11:25,0
"136",2016-09-13 22:10:45,TRUE,FALSE,0,FALSE,2016-09-13 22:10:45,0
"137",2016-09-14 11:07:50,FALSE,FALSE,0,FALSE,2016-09-14 11:07:50,0
"138",2016-09-14 22:12:18,TRUE,FALSE,0,FALSE,2016-09-14 22:12:18,0
"139",2016-09-15 10:54:54,FALSE,FALSE,0,FALSE,2016-09-15 10:54:54,0
"140",2016-09-15 21:58:40,TRUE,FALSE,0,FALSE,2016-09-15 21:58:40,0
"141",2016-09-16 10:36:57,FALSE,FALSE,0,FALSE,2016-09-16 10:36:57,0
"142",2016-09-16 22:08:34,TRUE,FALSE,0,FALSE,2016-09-16 22:08:34,0
"143",2016-09-17 10:40:21,FALSE,FALSE,0,FALSE,2016-09-17 10:40:21,0
"144",2016-09-17 21:44:33,TRUE,FALSE,0,FALSE,2016-09-17 21:44:33,0
"145",2016-09-18 10:38:28,FALSE,FALSE,0,FALSE,2016-09-18 10:38:28,0
"146",2016-09-18 21:39:17,TRUE,FALSE,0,FALSE,2016-09-18 21:39:17,0
"147",2016-09-19 10:19:58,FALSE,FALSE,0,FALSE,2016-09-19 10:19:58,0
"148",2016-09-19 21:37:49,TRUE,FALSE,0,FALSE,2016-09-19 21:37:49,0
"149",2016-09-20 10:24:05,FALSE,FALSE,0,FALSE,2016-09-20 10:24:05,0
"150",2016-09-20 21:39:20,TRUE,FALSE,0,FALSE,2016-09-20 21:39:20,0
"151",2016-09-21 10:19:39,FALSE,FALSE,0,FALSE,2016-09-21 10:19:39,0
"152",2016-09-21 21:35:49,TRUE,FALSE,0,FALSE,2016-09-21 21:35:49,0
"153",2016-09-22 10:21:40,FALSE,FALSE,0,FALSE,2016-09-22 10:21:40,0
"154",2016-09-22 21:30:12,TRUE,FALSE,0,FALSE,2016-09-22 21:30:12,0
"155",2016-09-23 10:20:00,FALSE,FALSE,0,FALSE,2016-09-23 10:20:00,0
"156",2016-09-23 21:39:31,TRUE,FALSE,0,FALSE,2016-09-23 21:39:31,0
"157",2016-09-24 10:11:14,FALSE,FALSE,0,FALSE,2016-09-24 10:11:14,0
"158",2016-09-24 21:56:11,TRUE,FALSE,0,FALSE,2016-09-24 21:56:11,0
"159",2016-09-25 10:14:26,FALSE,FALSE,0,FALSE,2016-09-25 10:14:26,0
"160",2016-09-25 21:34:37,TRUE,FALSE,0,FALSE,2016-09-25 21:34:37,0
"161",2016-09-26 10:12:34,FALSE,FALSE,0,FALSE,2016-09-26 10:12:34,0
"162",2016-09-26 21:28:40,TRUE,FALSE,0,FALSE,2016-09-26 21:28:40,0
"163",2016-09-27 10:14:42,FALSE,FALSE,0,FALSE,2016-09-27 10:14:42,0
"164",2016-09-27 21:27:53,TRUE,FALSE,0,FALSE,2016-09-27 21:27:53,0
"165",2016-09-28 10:13:11,FALSE,FALSE,0,FALSE,2016-09-28 10:13:11,0
"166",2016-09-28 21:33:47,TRUE,FALSE,0,FALSE,2016-09-28 21:33:47,0
"167",2016-09-29 10:13:18,FALSE,FALSE,0,FALSE,2016-09-29 10:13:18,0
"168",2016-09-29 21:33:41,TRUE,FALSE,0,FALSE,2016-09-29 21:33:41,0
"169",2016-09-30 10:18:46,FALSE,FALSE,0,FALSE,2016-09-30 10:18:46,0
"170",2016-09-30 21:41:13,TRUE,FALSE,0,FALSE,2016-09-30 21:41:13,0
"171",2016-10-01 10:19:44,FALSE,FALSE,0,FALSE,2016-10-01 10:19:44,0
"172",2016-10-01 21:33:48,TRUE,FALSE,0,FALSE,2016-10-01 21:33:48,0
"173",2016-10-02 10:26:00,FALSE,FALSE,0,FALSE,2016-10-02 10:26:00,0
"174",2016-10-02 21:32:01,TRUE,FALSE,0,FALSE,2016-10-02 21:32:01,0
"175",2016-10-03 10:23:44,FALSE,FALSE,0,FALSE,2016-10-03 10:23:44,0
"176",2016-10-03 21:42:16,TRUE,FALSE,0,FALSE,2016-10-03 21:42:16,0
"177",2016-10-04 10:22:16,FALSE,FALSE,0,FALSE,2016-10-04 10:22:16,0
"178",2016-10-04 21:34:24,TRUE,FALSE,0,FALSE,2016-10-04 21:34:24,0
"179",2016-10-05 10:19:41,FALSE,FALSE,0,FALSE,2016-10-05 10:19:41,0
"180",2016-10-05 21:35:09,TRUE,FALSE,0,FALSE,2016-10-05 21:35:09,0
"181",2016-10-06 10:21:48,FALSE,FALSE,0,FALSE,2016-10-06 10:21:48,0
"182",2016-10-06 21:35:16,TRUE,FALSE,0,FALSE,2016-10-06 21:35:16,0
"183",2016-10-07 10:18:38,FALSE,FALSE,0,FALSE,2016-10-07 10:18:38,0
"184",2016-10-07 21:36:38,TRUE,FALSE,0,FALSE,2016-10-07 21:36:38,0
"185",2016-10-08 10:16:15,FALSE,FALSE,0,FALSE,2016-10-08 10:16:15,0
"186",2016-10-08 21:31:49,TRUE,FALSE,0,FALSE,2016-10-08 21:31:49,0
"187",2016-10-09 09:43:29,FALSE,FALSE,0,FALSE,2016-10-09 09:43:29,0
"188",2016-10-09 21:32:37,TRUE,FALSE,0,FALSE,2016-10-09 21:32:37,0
"189",2016-10-10 10:17:34,FALSE,FALSE,0,FALSE,2016-10-10 10:17:34,0
"190",2016-10-10 21:33:00,TRUE,FALSE,0,FALSE,2016-10-10 21:33:00,0
"191",2016-10-11 10:24:17,FALSE,FALSE,0,FALSE,2016-10-11 10:24:17,0
"192",2016-10-11 21:54:51,TRUE,FALSE,0,FALSE,2016-10-11 21:54:51,0
"193",2016-10-12 10:18:47,FALSE,FALSE,0,FALSE,2016-10-12 10:18:47,0
"194",2016-10-12 21:31:00,TRUE,FALSE,0,FALSE,2016-10-12 21:31:00,0
"195",2016-10-13 10:18:35,FALSE,FALSE,0,FALSE,2016-10-13 10:18:35,0
"196",2016-10-13 21:53:27,TRUE,FALSE,0,FALSE,2016-10-13 21:53:27,0
"197",2016-10-14 10:19:36,FALSE,FALSE,0,FALSE,2016-10-14 10:19:36,0
"198",2016-10-14 21:35:36,TRUE,FALSE,0,FALSE,2016-10-14 21:35:36,0
"199",2016-10-15 10:09:47,FALSE,FALSE,0,FALSE,2016-10-15 10:09:47,0
"200",2016-10-15 21:35:36,TRUE,FALSE,0,FALSE,2016-10-15 21:35:36,0
"201",2016-10-16 10:19:33,FALSE,FALSE,0,FALSE,2016-10-16 10:19:33,0
"202",2016-10-16 21:33:43,TRUE,FALSE,0,FALSE,2016-10-16 21:33:43,0
"203",2016-10-17 10:16:07,FALSE,FALSE,0,FALSE,2016-10-17 10:16:07,0
"204",2016-10-17 21:36:21,TRUE,FALSE,0,FALSE,2016-10-17 21:36:21,0
"205",2016-10-18 10:15:38,FALSE,FALSE,0,FALSE,2016-10-18 10:15:38,0
"206",2016-10-18 21:30:40,TRUE,FALSE,0,FALSE,2016-10-18 21:30:40,0
"207",2016-10-19 10:13:34,FALSE,FALSE,0,FALSE,2016-10-19 10:13:34,0
"208",2016-10-19 21:29:45,TRUE,FALSE,0,FALSE,2016-10-19 21:29:45,0
"209",2016-10-20 10:11:22,FALSE,FALSE,0,FALSE,2016-10-20 10:11:22,0
"210",2016-10-20 21:33:59,TRUE,FALSE,0,FALSE,2016-10-20 21:33:59,0
"211",2016-10-21 10:20:31,FALSE,FALSE,0,FALSE,2016-10-21 10:20:31,0
"212",2016-10-21 21:39:31,TRUE,FALSE,0,FALSE,2016-10-21 21:39:31,0
"213",2016-10-22 10:12:49,FALSE,FALSE,0,FALSE,2016-10-22 10:12:49,0
"214",2016-10-22 21:30:59,TRUE,FALSE,0,FALSE,2016-10-22 21:30:59,0
"215",2016-10-23 10:10:40,FALSE,FALSE,0,FALSE,2016-10-23 10:10:40,0
"216",2016-10-23 21:38:08,TRUE,FALSE,0,FALSE,2016-10-23 21:38:08,0
"217",2016-10-24 10:03:37,FALSE,FALSE,0,FALSE,2016-10-24 10:03:37,0
"218",2016-10-24 21:37:03,TRUE,FALSE,0,FALSE,2016-10-24 21:37:03,0
"219",2016-10-25 10:12:32,FALSE,FALSE,0,FALSE,2016-10-25 10:12:32,0
"220",2016-10-25 21:41:28,TRUE,FALSE,0,FALSE,2016-10-25 21:41:28,0
"221",2016-10-26 10:13:23,FALSE,FALSE,0,FALSE,2016-10-26 10:13:23,0
"222",2016-10-26 21:23:44,TRUE,FALSE,0,FALSE,2016-10-26 21:23:44,0
"223",2016-10-27 09:36:19,FALSE,FALSE,0,FALSE,2016-10-27 09:36:19,0
"224",2016-10-27 21:30:11,TRUE,FALSE,0,FALSE,2016-10-27 21:30:11,0
"225",2016-10-28 10:02:05,FALSE,FALSE,0,FALSE,2016-10-28 10:02:05,0
"226",2016-10-28 21:35:45,TRUE,FALSE,0,FALSE,2016-10-28 21:35:45,0
"227",2016-10-29 09:53:34,FALSE,FALSE,0,FALSE,2016-10-29 09:53:34,0
"228",2016-10-29 21:26:36,TRUE,FALSE,0,FALSE,2016-10-29 21:26:36,0
"229",2016-10-30 10:11:28,FALSE,FALSE,0,FALSE,2016-10-30 10:11:28,0
"230",2016-10-30 21:23:31,TRUE,FALSE,0,FALSE,2016-10-30 21:23:31,0
"231",2016-10-31 10:08:36,FALSE,FALSE,0,FALSE,2016-10-31 10:08:36,0
"232",2016-10-31 21:18:47,TRUE,FALSE,0,FALSE,2016-10-31 21:18:47,0
"233",2016-11-01 10:06:39,FALSE,FALSE,0,FALSE,2016-11-01 10:06:39,0
"234",2016-11-01 21:26:52,TRUE,FALSE,0,FALSE,2016-11-01 21:26:52,0
"235",2016-11-02 10:17:03,FALSE,FALSE,0,FALSE,2016-11-02 10:17:03,0
"236",2016-11-02 21:15:58,TRUE,FALSE,0,FALSE,2016-11-02 21:15:58,0
"237",2016-11-03 09:53:39,FALSE,FALSE,0,FALSE,2016-11-03 09:53:39,0
"238",2016-11-03 21:25:11,TRUE,FALSE,0,FALSE,2016-11-03 21:25:11,0
"239",2016-11-04 10:17:56,FALSE,FALSE,0,FALSE,2016-11-04 10:17:56,0
"240",2016-11-04 21:26:26,TRUE,FALSE,0,FALSE,2016-11-04 21:26:26,0
"241",2016-11-05 10:12:24,FALSE,FALSE,0,FALSE,2016-11-05 10:12:24,0
"242",2016-11-05 21:30:01,TRUE,FALSE,0,FALSE,2016-11-05 21:30:01,0
"243",2016-11-06 10:15:25,FALSE,FALSE,0,FALSE,2016-11-06 10:15:25,0
"244",2016-11-06 21:30:42,TRUE,FALSE,0,FALSE,2016-11-06 21:30:42,0
"245",2016-11-07 10:14:06,FALSE,FALSE,0,FALSE,2016-11-07 10:14:06,0
"246",2016-11-07 21:18:17,TRUE,FALSE,0,FALSE,2016-11-07 21:18:17,0
"247",2016-11-08 10:19:46,FALSE,FALSE,0,FALSE,2016-11-08 10:19:46,0
"248",2016-11-08 21:20:18,TRUE,FALSE,0,FALSE,2016-11-08 21:20:18,0
"249",2016-11-09 10:17:07,FALSE,FALSE,0,FALSE,2016-11-09 10:17:07,0
"250",2016-11-09 21:28:16,TRUE,FALSE,0,FALSE,2016-11-09 21:28:16,0
"251",2016-11-10 10:17:27,FALSE,FALSE,0,FALSE,2016-11-10 10:17:27,0
"252",2016-11-10 21:18:52,TRUE,FALSE,0,FALSE,2016-11-10 21:18:52,0
"253",2016-11-11 10:19:34,FALSE,FALSE,0,FALSE,2016-11-11 10:19:34,0
"254",2016-11-11 21:22:24,TRUE,FALSE,0,FALSE,2016-11-11 21:22:24,0
"255",2016-11-12 10:21:34,FALSE,FALSE,0,FALSE,2016-11-12 10:21:34,0
"256",2016-11-12 21:22:13,TRUE,FALSE,0,FALSE,2016-11-12 21:22:13,0
"257",2016-11-13 10:13:33,FALSE,FALSE,0,FALSE,2016-11-13 10:13:33,0
"258",2016-11-13 21:22:23,TRUE,FALSE,0,FALSE,2016-11-13 21:22:23,0
"259",2016-11-14 10:19:09,FALSE,FALSE,0,FALSE,2016-11-14 10:19:09,0
"260",2016-11-14 21:25:16,TRUE,FALSE,0,FALSE,2016-11-14 21:25:16,0
"261",2016-11-15 10:21:23,FALSE,FALSE,0,FALSE,2016-11-15 10:21:23,0
"262",2016-11-15 21:18:55,TRUE,FALSE,0,FALSE,2016-11-15 21:18:55,0
"263",2016-11-16 10:22:12,FALSE,FALSE,0,FALSE,2016-11-16 10:22:12,0
"264",2016-11-16 21:22:25,TRUE,FALSE,0,FALSE,2016-11-16 21:22:25,0
"265",2016-11-17 10:07:29,FALSE,FALSE,0,FALSE,2016-11-17 10:07:29,0
"266",2016-11-17 21:19:14,TRUE,FALSE,0,FALSE,2016-11-17 21:19:14,0
"267",2016-11-18 10:14:18,FALSE,FALSE,0,FALSE,2016-11-18 10:14:18,0
"268",2016-11-18 21:19:01,TRUE,FALSE,0,FALSE,2016-11-18 21:19:01,0
"269",2016-11-19 10:21:49,FALSE,FALSE,0,FALSE,2016-11-19 10:21:49,0
"270",2016-11-19 21:23:13,TRUE,FALSE,0,FALSE,2016-11-19 21:23:13,0
"271",2016-11-20 10:26:27,FALSE,FALSE,0,FALSE,2016-11-20 10:26:27,0
"272",2016-11-20 21:32:37,TRUE,FALSE,0,FALSE,2016-11-20 21:32:37,0
"273",2016-11-21 10:24:04,FALSE,FALSE,0,FALSE,2016-11-21 10:24:04,0
"274",2016-11-21 21:25:15,TRUE,FALSE,0,FALSE,2016-11-21 21:25:15,0
"275",2016-11-22 10:22:16,FALSE,FALSE,0,FALSE,2016-11-22 10:22:16,0
"276",2016-11-22 21:19:53,TRUE,FALSE,0,FALSE,2016-11-22 21:19:53,0
"277",2016-11-23 10:23:28,FALSE,FALSE,0,FALSE,2016-11-23 10:23:28,0
"278",2016-11-23 21:16:53,TRUE,FALSE,0,FALSE,2016-11-23 21:16:53,0
"279",2016-11-24 10:19:41,FALSE,FALSE,0,FALSE,2016-11-24 10:19:41,0
"280",2016-11-24 21:24:04,TRUE,FALSE,0,FALSE,2016-11-24 21:24:04,0
"281",2016-11-25 10:19:41,FALSE,FALSE,0,FALSE,2016-11-25 10:19:41,0
"282",2016-11-25 21:15:06,TRUE,FALSE,0,FALSE,2016-11-25 21:15:06,0
"283",2016-11-26 10:20:59,FALSE,FALSE,0,FALSE,2016-11-26 10:20:59,0
"284",2016-11-26 21:13:46,TRUE,FALSE,0,FALSE,2016-11-26 21:13:46,0
"285",2016-11-27 10:17:06,FALSE,FALSE,0,FALSE,2016-11-27 10:17:06,0
"286",2016-11-27 21:19:45,TRUE,FALSE,0,FALSE,2016-11-27 21:19:45,0
"287",2016-11-28 10:10:01,FALSE,FALSE,0,FALSE,2016-11-28 10:10:01,0
"288",2016-11-28 21:11:12,TRUE,FALSE,0,FALSE,2016-11-28 21:11:12,0
"289",2016-11-29 10:14:49,FALSE,FALSE,0,FALSE,2016-11-29 10:14:49,0
"290",2016-11-29 21:17:37,TRUE,FALSE,0,FALSE,2016-11-29 21:17:37,0
"291",2016-11-30 10:17:18,FALSE,FALSE,0,FALSE,2016-11-30 10:17:18,0
"292",2016-11-30 21:19:42,TRUE,FALSE,0,FALSE,2016-11-30 21:19:42,0
"293",2016-12-01 10:12:01,FALSE,FALSE,0,FALSE,2016-12-01 10:12:01,0
"294",2016-12-01 21:28:54,TRUE,FALSE,0,FALSE,2016-12-01 21:28:54,0
"295",2016-12-02 10:15:18,FALSE,FALSE,0,FALSE,2016-12-02 10:15:18,0
"296",2016-12-02 21:29:04,TRUE,FALSE,0,FALSE,2016-12-02 21:29:04,0
"297",2016-12-03 10:21:25,FALSE,FALSE,0,FALSE,2016-12-03 10:21:25,0
"298",2016-12-03 21:13:31,TRUE,FALSE,0,FALSE,2016-12-03 21:13:31,0
"299",2016-12-04 10:14:46,FALSE,FALSE,0,FALSE,2016-12-04 10:14:46,0
"300",2016-12-04 21:32:45,TRUE,FALSE,0,FALSE,2016-12-04 21:32:45,0
"301",2016-12-05 09:55:41,FALSE,FALSE,0,FALSE,2016-12-05 09:55:41,0
"302",2016-12-05 21:16:50,TRUE,FALSE,0,FALSE,2016-12-05 21:16:50,0
"303",2016-12-06 10:26:37,FALSE,FALSE,0,FALSE,2016-12-06 10:26:37,0
"304",2016-12-06 21:15:08,TRUE,FALSE,0,FALSE,2016-12-06 21:15:08,0
"305",2016-12-07 10:29:17,FALSE,FALSE,0,FALSE,2016-12-07 10:29:17,0
"306",2016-12-07 21:19:48,TRUE,FALSE,0,FALSE,2016-12-07 21:19:48,0
"307",2016-12-08 10:26:05,FALSE,FALSE,0,FALSE,2016-12-08 10:26:05,0
"308",2016-12-08 21:14:12,TRUE,FALSE,0,FALSE,2016-12-08 21:14:12,0
"309",2016-12-09 10:30:07,FALSE,FALSE,0,FALSE,2016-12-09 10:30:07,0
"310",2016-12-09 21:16:52,TRUE,FALSE,0,FALSE,2016-12-09 21:16:52,0
"311",2016-12-10 10:27:24,FALSE,FALSE,0,FALSE,2016-12-10 10:27:24,0
"312",2016-12-10 21:23:01,TRUE,FALSE,0,FALSE,2016-12-10 21:23:01,0
"313",2016-12-11 10:14:30,FALSE,FALSE,0,FALSE,2016-12-11 10:14:30,0
"314",2016-12-11 21:20:39,TRUE,FALSE,0,FALSE,2016-12-11 21:20:39,0
"315",2016-12-12 10:23:01,FALSE,FALSE,0,FALSE,2016-12-12 10:23:01,0
"316",2016-12-12 21:23:11,TRUE,FALSE,0,FALSE,2016-12-12 21:23:11,0
"317",2016-12-13 10:27:09,FALSE,FALSE,0,FALSE,2016-12-13 10:27:09,0
"318",2016-12-13 21:29:48,TRUE,FALSE,0,FALSE,2016-12-13 21:29:48,0
"319",2016-12-14 10:20:46,FALSE,FALSE,0,FALSE,2016-12-14 10:20:46,0
"320",2016-12-14 21:24:29,TRUE,FALSE,0,FALSE,2016-12-14 21:24:29,0
"321",2016-12-15 10:25:25,FALSE,FALSE,0,FALSE,2016-12-15 10:25:25,0
"322",2016-12-15 21:17:53,TRUE,FALSE,0,FALSE,2016-12-15 21:17:53,0
"323",2016-12-16 10:27:02,FALSE,FALSE,0,FALSE,2016-12-16 10:27:02,0
"324",2016-12-16 21:23:46,TRUE,FALSE,0,FALSE,2016-12-16 21:23:46,0
"325",2016-12-17 10:29:23,FALSE,FALSE,0,FALSE,2016-12-17 10:29:23,0
"326",2016-12-17 21:23:15,TRUE,FALSE,0,FALSE,2016-12-17 21:23:15,0
"327",2016-12-18 10:28:18,FALSE,FALSE,0,FALSE,2016-12-18 10:28:18,0
"328",2016-12-18 21:27:19,TRUE,FALSE,0,FALSE,2016-12-18 21:27:19,0
"329",2016-12-19 10:26:03,FALSE,FALSE,0,FALSE,2016-12-19 10:26:03,0
"330",2016-12-19 21:32:32,TRUE,FALSE,0,FALSE,2016-12-19 21:32:32,0
"331",2016-12-20 10:29:08,FALSE,FALSE,0,FALSE,2016-12-20 10:29:08,0
"332",2016-12-20 21:32:12,TRUE,FALSE,0,FALSE,2016-12-20 21:32:12,0
"333",2016-12-21 10:28:24,FALSE,FALSE,0,FALSE,2016-12-21 10:28:24,0
"334",2016-12-21 21:40:48,TRUE,FALSE,0,FALSE,2016-12-21 21:40:48,0
"335",2016-12-22 10:30:58,FALSE,FALSE,0,FALSE,2016-12-22 10:30:58,0
"336",2016-12-22 21:28:41,TRUE,FALSE,0,FALSE,2016-12-22 21:28:41,0
"337",2016-12-23 10:35:03,FALSE,FALSE,0,FALSE,2016-12-23 10:35:03,0
"338",2016-12-23 21:21:26,TRUE,FALSE,0,FALSE,2016-12-23 21:21:26,0
"339",2016-12-24 10:30:59,FALSE,FALSE,0,FALSE,2016-12-24 10:30:59,0
"340",2016-12-24 21:28:25,TRUE,FALSE,0,FALSE,2016-12-24 21:28:25,0
"341",2016-12-25 10:35:04,FALSE,FALSE,0,FALSE,2016-12-25 10:35:04,0
"342",2016-12-25 21:28:14,TRUE,FALSE,0,FALSE,2016-12-25 21:28:14,0
"343",2016-12-26 10:24:58,FALSE,FALSE,0,FALSE,2016-12-26 10:24:58,0
"344",2016-12-26 21:32:32,TRUE,FALSE,0,FALSE,2016-12-26 21:32:32,0
"345",2016-12-27 10:17:35,FALSE,FALSE,0,FALSE,2016-12-27 10:17:35,0
"346",2016-12-27 21:33:27,TRUE,FALSE,0,FALSE,2016-12-27 21:33:27,0
"347",2016-12-28 10:34:59,FALSE,FALSE,0,FALSE,2016-12-28 10:34:59,0
"348",2016-12-28 21:28:35,TRUE,FALSE,0,FALSE,2016-12-28 21:28:35,0
"349",2016-12-29 10:35:28,FALSE,FALSE,0,FALSE,2016-12-29 10:35:28,0
"350",2016-12-29 21:32:56,TRUE,FALSE,0,FALSE,2016-12-29 21:32:56,0
"351",2016-12-30 10:31:21,FALSE,FALSE,0,FALSE,2016-12-30 10:31:21,0
"352",2016-12-30 21:34:20,TRUE,FALSE,0,FALSE,2016-12-30 21:34:20,0
"353",2016-12-31 10:29:14,FALSE,FALSE,0,FALSE,2016-12-31 10:29:14,0
"354",2016-12-31 21:41:29,TRUE,FALSE,0,FALSE,2016-12-31 21:41:29,0
"355",2017-01-01 10:24:23,FALSE,FALSE,0,FALSE,2017-01-01 10:24:23,0
"356",2017-01-01 21:32:25,TRUE,FALSE,0,FALSE,2017-01-01 21:32:25,0
"357",2017-01-02 10:34:03,FALSE,FALSE,0,FALSE,2017-01-02 10:34:03,0
"358",2017-01-02 21:35:41,TRUE,FALSE,0,FALSE,2017-01-02 21:35:41,0
"359",2017-01-03 10:30:21,FALSE,FALSE,0,FALSE,2017-01-03 10:30:21,0
"360",2017-01-03 21:32:04,TRUE,FALSE,0,FALSE,2017-01-03 21:32:04,0
"361",2017-01-04 10:30:31,FALSE,FALSE,0,FALSE,2017-01-04 10:30:31,0
"362",2017-01-04 21:33:19,TRUE,FALSE,0,FALSE,2017-01-04 21:33:19,0
"363",2017-01-05 10:22:38,FALSE,FALSE,0,FALSE,2017-01-05 10:22:38,0
"364",2017-01-05 21:34:08,TRUE,FALSE,0,FALSE,2017-01-05 21:34:08,0
"365",2017-01-06 10:24:17,FALSE,FALSE,0,FALSE,2017-01-06 10:24:17,0
"366",2017-01-06 21:35:37,TRUE,FALSE,0,FALSE,2017-01-06 21:35:37,0
"367",2017-01-07 10:14:13,FALSE,FALSE,0,FALSE,2017-01-07 10:14:13,0
"368",2017-01-07 21:32:31,TRUE,FALSE,0,FALSE,2017-01-07 21:32:31,0
"369",2017-01-08 10:37:39,FALSE,FALSE,0,FALSE,2017-01-08 10:37:39,0
"370",2017-01-08 21:38:22,TRUE,FALSE,0,FALSE,2017-01-08 21:38:22,0
"371",2017-01-09 10:37:06,FALSE,FALSE,0,FALSE,2017-01-09 10:37:06,0
"372",2017-01-09 21:41:01,TRUE,FALSE,0,FALSE,2017-01-09 21:41:01,0
"373",2017-01-10 10:33:50,FALSE,FALSE,0,FALSE,2017-01-10 10:33:50,0
"374",2017-01-10 21:34:44,TRUE,FALSE,0,FALSE,2017-01-10 21:34:44,0
"375",2017-01-11 10:36:55,FALSE,FALSE,0,FALSE,2017-01-11 10:36:55,0
"376",2017-01-11 21:38:26,TRUE,FALSE,0,FALSE,2017-01-11 21:38:26,0
"377",2017-01-12 10:33:22,FALSE,FALSE,0,FALSE,2017-01-12 10:33:22,0
"378",2017-01-12 21:38:52,TRUE,FALSE,0,FALSE,2017-01-12 21:38:52,0
"379",2017-01-13 10:24:16,FALSE,FALSE,0,FALSE,2017-01-13 10:24:16,0
"380",2017-01-13 21:45:32,TRUE,FALSE,0,FALSE,2017-01-13 21:45:32,0
"381",2017-01-14 10:28:32,FALSE,FALSE,0,FALSE,2017-01-14 10:28:32,0
"382",2017-01-14 21:37:10,TRUE,FALSE,0,FALSE,2017-01-14 21:37:10,0
"383",2017-01-15 10:37:54,FALSE,FALSE,0,FALSE,2017-01-15 10:37:54,0
"384",2017-01-15 21:41:54,TRUE,FALSE,0,FALSE,2017-01-15 21:41:54,0
"385",2017-01-16 10:40:43,FALSE,FALSE,0,FALSE,2017-01-16 10:40:43,0
"386",2017-01-16 21:46:24,TRUE,FALSE,0,FALSE,2017-01-16 21:46:24,0
"387",2017-01-17 10:35:43,FALSE,FALSE,0,FALSE,2017-01-17 10:35:43,0
"388",2017-01-17 21:37:23,TRUE,FALSE,0,FALSE,2017-01-17 21:37:23,0
"389",2017-01-18 10:30:39,FALSE,FALSE,0,FALSE,2017-01-18 10:30:39,0
"390",2017-01-18 21:39:42,TRUE,FALSE,0,FALSE,2017-01-18 21:39:42,0
"391",2017-01-19 10:40:39,FALSE,FALSE,0,FALSE,2017-01-19 10:40:39,0
"392",2017-01-19 21:37:38,TRUE,FALSE,0,FALSE,2017-01-19 21:37:38,0
"393",2017-01-20 10:19:20,FALSE,FALSE,0,FALSE,2017-01-20 10:19:20,0
"394",2017-01-20 21:47:18,TRUE,FALSE,0,FALSE,2017-01-20 21:47:18,0
"395",2017-01-21 10:31:14,FALSE,FALSE,0,FALSE,2017-01-21 10:31:14,0
"396",2017-01-21 21:42:42,TRUE,FALSE,0,FALSE,2017-01-21 21:42:42,0
"397",2017-01-22 10:29:14,FALSE,FALSE,0,FALSE,2017-01-22 10:29:14,0
"398",2017-01-22 21:45:13,TRUE,FALSE,0,FALSE,2017-01-22 21:45:13,0
"399",2017-01-23 10:35:46,FALSE,FALSE,0,FALSE,2017-01-23 10:35:46,0
"400",2017-01-23 21:42:42,TRUE,FALSE,0,FALSE,2017-01-23 21:42:42,0
"401",2017-01-24 10:31:07,FALSE,FALSE,0,FALSE,2017-01-24 10:31:07,0
"402",2017-01-24 21:43:30,TRUE,FALSE,0,FALSE,2017-01-24 21:43:30,0
"403",2017-01-25 10:33:23,FALSE,FALSE,0,FALSE,2017-01-25 10:33:23,0
"404",2017-01-25 21:43:36,TRUE,FALSE,0,FALSE,2017-01-25 21:43:36,0
"405",2017-01-26 10:28:16,FALSE,FALSE,0,FALSE,2017-01-26 10:28:16,0
"406",2017-01-26 21:49:38,TRUE,FALSE,0,FALSE,2017-01-26 21:49:38,0
"407",2017-01-27 10:35:34,FALSE,FALSE,0,FALSE,2017-01-27 10:35:34,0
"408",2017-01-27 21:49:20,TRUE,FALSE,0,FALSE,2017-01-27 21:49:20,0
"409",2017-01-28 10:28:24,FALSE,FALSE,0,FALSE,2017-01-28 10:28:24,0
"410",2017-01-28 21:44:35,TRUE,FALSE,0,FALSE,2017-01-28 21:44:35,0
"411",2017-01-29 10:31:58,FALSE,FALSE,0,FALSE,2017-01-29 10:31:58,0
"412",2017-01-29 21:41:06,TRUE,FALSE,0,FALSE,2017-01-29 21:41:06,0
"413",2017-01-30 10:31:11,FALSE,FALSE,0,FALSE,2017-01-30 10:31:11,0
"414",2017-01-30 21:47:31,TRUE,FALSE,0,FALSE,2017-01-30 21:47:31,0
"415",2017-01-31 10:29:55,FALSE,FALSE,0,FALSE,2017-01-31 10:29:55,0
"416",2017-01-31 21:46:35,TRUE,FALSE,0,FALSE,2017-01-31 21:46:35,0
"417",2017-02-01 10:40:18,FALSE,FALSE,0,FALSE,2017-02-01 10:40:18,0
"418",2017-02-01 21:51:09,TRUE,FALSE,0,FALSE,2017-02-01 21:51:09,0
"419",2017-02-02 10:14:24,FALSE,FALSE,0,FALSE,2017-02-02 10:14:24,0
"420",2017-02-02 21:45:30,TRUE,FALSE,0,FALSE,2017-02-02 21:45:30,0
"421",2017-02-03 10:35:20,FALSE,FALSE,0,FALSE,2017-02-03 10:35:20,0
"422",2017-02-03 21:46:20,TRUE,FALSE,0,FALSE,2017-02-03 21:46:20,0
"423",2017-02-04 10:30:20,FALSE,FALSE,0,FALSE,2017-02-04 10:30:20,0
"424",2017-02-04 21:48:23,TRUE,FALSE,0,FALSE,2017-02-04 21:48:23,0
"425",2017-02-05 10:29:32,FALSE,FALSE,0,FALSE,2017-02-05 10:29:32,0
"426",2017-02-05 21:44:58,TRUE,FALSE,0,FALSE,2017-02-05 21:44:58,0
"427",2017-02-06 10:36:39,FALSE,FALSE,0,FALSE,2017-02-06 10:36:39,0
"428",2017-02-06 21:51:14,TRUE,FALSE,0,FALSE,2017-02-06 21:51:14,0
"429",2017-02-07 10:34:51,FALSE,FALSE,0,FALSE,2017-02-07 10:34:51,0
"430",2017-02-07 21:48:10,TRUE,FALSE,0,FALSE,2017-02-07 21:48:10,0
"431",2017-02-08 10:39:56,FALSE,FALSE,0,FALSE,2017-02-08 10:39:56,0
"432",2017-02-08 21:44:53,TRUE,FALSE,0,FALSE,2017-02-08 21:44:53,0
"433",2017-02-09 10:35:56,FALSE,FALSE,0,FALSE,2017-02-09 10:35:56,0
"434",2017-02-09 21:50:27,TRUE,FALSE,0,FALSE,2017-02-09 21:50:27,0
"435",2017-02-10 10:36:15,FALSE,FALSE,0,FALSE,2017-02-10 10:36:15,0
"436",2017-02-10 21:50:50,TRUE,FALSE,0,FALSE,2017-02-10 21:50:50,0
"437",2017-02-11 10:40:38,FALSE,FALSE,0,FALSE,2017-02-11 10:40:38,0
"438",2017-02-11 21:48:13,TRUE,FALSE,0,FALSE,2017-02-11 21:48:13,0
"439",2017-02-12 10:33:32,FALSE,FALSE,0,FALSE,2017-02-12 10:33:32,0
"440",2017-02-12 21:44:29,TRUE,FALSE,0,FALSE,2017-02-12 21:44:29,0
"441",2017-02-13 10:35:43,FALSE,FALSE,0,FALSE,2017-02-13 10:35:43,0
"442",2017-02-13 21:47:13,TRUE,FALSE,0,FALSE,2017-02-13 21:47:13,0
"443",2017-02-14 10:25:26,FALSE,FALSE,0,FALSE,2017-02-14 10:25:26,0
"444",2017-02-14 21:55:03,TRUE,FALSE,0,FALSE,2017-02-14 21:55:03,0
"445",2017-02-15 10:35:26,FALSE,FALSE,0,FALSE,2017-02-15 10:35:26,0
"446",2017-02-15 21:48:45,TRUE,FALSE,0,FALSE,2017-02-15 21:48:45,0
"447",2017-02-16 10:32:28,FALSE,FALSE,0,FALSE,2017-02-16 10:32:28,0
"448",2017-02-16 21:48:38,TRUE,FALSE,0,FALSE,2017-02-16 21:48:38,0
"449",2017-02-17 10:29:42,FALSE,FALSE,0,FALSE,2017-02-17 10:29:42,0
"450",2017-02-17 21:53:04,TRUE,FALSE,0,FALSE,2017-02-17 21:53:04,0
"451",2017-02-18 10:39:29,FALSE,FALSE,0,FALSE,2017-02-18 10:39:29,0
"452",2017-02-18 21:54:47,TRUE,FALSE,0,FALSE,2017-02-18 21:54:47,0
"453",2017-02-19 10:38:52,FALSE,FALSE,0,FALSE,2017-02-19 10:38:52,0
"454",2017-02-19 21:46:10,TRUE,FALSE,0,FALSE,2017-02-19 21:46:10,0
"455",2017-02-20 10:29:22,FALSE,FALSE,0,FALSE,2017-02-20 10:29:22,0
"456",2017-02-20 21:57:12,TRUE,FALSE,0,FALSE,2017-02-20 21:57:12,0
"457",2017-02-21 10:36:21,FALSE,FALSE,0,FALSE,2017-02-21 10:36:21,0
"458",2017-02-21 22:00:07,TRUE,FALSE,0,FALSE,2017-02-21 22:00:07,0
"459",2017-02-22 10:37:41,FALSE,FALSE,0,FALSE,2017-02-22 10:37:41,0
"460",2017-02-22 21:46:27,TRUE,FALSE,0,FALSE,2017-02-22 21:46:27,0
"461",2017-02-23 10:26:22,FALSE,FALSE,0,FALSE,2017-02-23 10:26:22,0
"462",2017-02-23 21:48:50,TRUE,FALSE,0,FALSE,2017-02-23 21:48:50,0
"463",2017-02-24 10:37:07,FALSE,FALSE,0,FALSE,2017-02-24 10:37:07,0
"464",2017-02-24 21:47:57,TRUE,FALSE,0,FALSE,2017-02-24 21:47:57,0
"465",2017-02-25 10:32:02,FALSE,FALSE,0,FALSE,2017-02-25 10:32:02,0
"466",2017-02-25 22:00:42,TRUE,FALSE,0,FALSE,2017-02-25 22:00:42,0
"467",2017-02-26 10:35:01,FALSE,FALSE,0,FALSE,2017-02-26 10:35:01,0
"468",2017-02-26 21:45:49,TRUE,FALSE,0,FALSE,2017-02-26 21:45:49,0
"469",2017-02-27 10:35:47,FALSE,FALSE,0,FALSE,2017-02-27 10:35:47,0
"470",2017-02-27 21:43:52,TRUE,FALSE,0,FALSE,2017-02-27 21:43:52,0
"471",2017-02-28 10:34:26,FALSE,FALSE,0,FALSE,2017-02-28 10:34:26,0
"472",2017-02-28 21:50:57,TRUE,FALSE,0,FALSE,2017-02-28 21:50:57,0
"473",2017-03-01 10:35:04,FALSE,FALSE,0,FALSE,2017-03-01 10:35:04,0
"474",2017-03-01 21:46:53,TRUE,FALSE,0,FALSE,2017-03-01 21:46:53,0
"475",2017-03-02 10:32:27,FALSE,FALSE,0,FALSE,2017-03-02 10:32:27,0
"476",2017-03-02 21:48:11,TRUE,FALSE,0,FALSE,2017-03-02 21:48:11,0
"477",2017-03-03 10:31:29,FALSE,FALSE,0,FALSE,2017-03-03 10:31:29,0
"478",2017-03-03 21:45:06,TRUE,FALSE,0,FALSE,2017-03-03 21:45:06,0
"479",2017-03-04 10:32:44,FALSE,FALSE,0,FALSE,2017-03-04 10:32:44,0
"480",2017-03-04 21:51:26,TRUE,FALSE,0,FALSE,2017-03-04 21:51:26,0
"481",2017-03-05 10:26:30,FALSE,FALSE,0,FALSE,2017-03-05 10:26:30,0
"482",2017-03-05 21:46:36,TRUE,FALSE,0,FALSE,2017-03-05 21:46:36,0
"483",2017-03-06 10:32:26,FALSE,FALSE,0,FALSE,2017-03-06 10:32:26,0
"484",2017-03-06 21:45:46,TRUE,FALSE,0,FALSE,2017-03-06 21:45:46,0
"485",2017-03-07 10:32:35,FALSE,FALSE,0,FALSE,2017-03-07 10:32:35,0
"486",2017-03-07 21:43:35,TRUE,FALSE,0,FALSE,2017-03-07 21:43:35,0
"487",2017-03-08 10:30:38,FALSE,FALSE,0,FALSE,2017-03-08 10:30:38,0
"488",2017-03-08 21:44:31,TRUE,FALSE,0,FALSE,2017-03-08 21:44:31,0
"489",2017-03-09 10:26:31,FALSE,FALSE,0,FALSE,2017-03-09 10:26:31,0
"490",2017-03-09 21:44:31,TRUE,FALSE,0,FALSE,2017-03-09 21:44:31,0
"491",2017-03-10 10:27:29,FALSE,FALSE,0,FALSE,2017-03-10 10:27:29,0
"492",2017-03-10 21:48:07,TRUE,FALSE,0,FALSE,2017-03-10 21:48:07,0
"493",2017-03-11 10:25:14,FALSE,FALSE,0,FALSE,2017-03-11 10:25:14,0
"494",2017-03-11 21:43:29,TRUE,FALSE,0,FALSE,2017-03-11 21:43:29,0
"495",2017-03-12 10:24:17,FALSE,FALSE,0,FALSE,2017-03-12 10:24:17,0
"496",2017-03-12 21:41:19,TRUE,FALSE,0,FALSE,2017-03-12 21:41:19,0
"497",2017-03-13 10:26:32,FALSE,FALSE,0,FALSE,2017-03-13 10:26:32,0
"498",2017-03-13 21:48:18,TRUE,FALSE,0,FALSE,2017-03-13 21:48:18,0
"499",2017-03-14 10:25:47,FALSE,FALSE,0,FALSE,2017-03-14 10:25:47,0
"500",2017-03-14 21:46:46,TRUE,FALSE,0,FALSE,2017-03-14 21:46:46,0
"501",2017-03-15 10:26:35,FALSE,FALSE,0,FALSE,2017-03-15 10:26:35,0
"502",2017-03-15 21:45:41,TRUE,FALSE,0,FALSE,2017-03-15 21:45:41,0
"503",2017-03-16 10:25:42,FALSE,FALSE,0,FALSE,2017-03-16 10:25:42,0
"504",2017-03-16 21:46:18,TRUE,FALSE,0,FALSE,2017-03-16 21:46:18,0
"505",2017-03-17 10:22:40,FALSE,FALSE,0,FALSE,2017-03-17 10:22:40,0
"506",2017-03-17 21:46:04,TRUE,FALSE,0,FALSE,2017-03-17 21:46:04,0
"507",2017-03-18 10:27:52,FALSE,FALSE,0,FALSE,2017-03-18 10:27:52,0
"508",2017-03-18 21:46:57,TRUE,FALSE,0,FALSE,2017-03-18 21:46:57,0
"509",2017-03-19 10:24:57,FALSE,FALSE,0,FALSE,2017-03-19 10:24:57,0
"510",2017-03-19 21:56:01,TRUE,FALSE,0,FALSE,2017-03-19 21:56:01,0
"511",2017-03-20 10:27:01,FALSE,FALSE,0,FALSE,2017-03-20 10:27:01,0
"512",2017-03-20 21:42:03,TRUE,FALSE,0,FALSE,2017-03-20 21:42:03,0
"513",2017-03-21 10:25:09,FALSE,FALSE,0,FALSE,2017-03-21 10:25:09,0
"514",2017-03-21 21:44:01,TRUE,FALSE,0,FALSE,2017-03-21 21:44:01,0
"515",2017-03-22 10:24:47,FALSE,FALSE,0,FALSE,2017-03-22 10:24:47,0
"516",2017-03-22 21:37:28,TRUE,FALSE,0,FALSE,2017-03-22 21:37:28,0
"517",2017-03-23 10:23:10,FALSE,FALSE,0,FALSE,2017-03-23 10:23:10,0
"518",2017-03-23 21:41:39,TRUE,FALSE,0,FALSE,2017-03-23 21:41:39,0
"519",2017-03-24 10:20:46,FALSE,FALSE,0,FALSE,2017-03-24 10:20:46,0
"520",2017-03-24 21:41:00,TRUE,FALSE,0,FALSE,2017-03-24 21:41:00,0
"521",2017-03-25 10:20:47,FALSE,FALSE,0,FALSE,2017-03-25 10:20:47,0
"522",2017-03-25 21:53:54,TRUE,FALSE,0,FALSE,2017-03-25 21:53:54,0
"523",2017-03-26 10:17:47,FALSE,FALSE,0,FALSE,2017-03-26 10:17:47,0
"524",2017-03-26 21:47:07,TRUE,FALSE,0,FALSE,2017-03-26 21:47:07,0
"525",2017-03-27 10:20:20,FALSE,FALSE,0,FALSE,2017-03-27 10:20:20,0
"526",2017-03-27 21:40:11,TRUE,FALSE,0,FALSE,2017-03-27 21:40:11,0
"527",2017-03-28 10:22:06,FALSE,FALSE,0,FALSE,2017-03-28 10:22:06,0
"528",2017-03-28 21:40:59,TRUE,FALSE,0,FALSE,2017-03-28 21:40:59,0
"529",2017-03-29 10:22:37,FALSE,FALSE,0,FALSE,2017-03-29 10:22:37,0
"530",2017-03-29 21:44:34,TRUE,FALSE,0,FALSE,2017-03-29 21:44:34,0
"531",2017-03-30 10:18:58,FALSE,FALSE,0,FALSE,2017-03-30 10:18:58,0
"532",2017-03-30 21:38:27,TRUE,FALSE,0,FALSE,2017-03-30 21:38:27,0
"533",2017-03-31 10:16:44,FALSE,FALSE,0,FALSE,2017-03-31 10:16:44,0
"534",2017-03-31 21:37:53,TRUE,FALSE,0,FALSE,2017-03-31 21:37:53,0
"535",2017-04-01 10:20:21,FALSE,FALSE,0,FALSE,2017-04-01 10:20:21,0
"536",2017-04-01 21:47:13,TRUE,FALSE,0,FALSE,2017-04-01 21:47:13,0
"537",2017-04-02 10:16:24,FALSE,FALSE,0,FALSE,2017-04-02 10:16:24,0
"538",2017-04-02 21:39:02,TRUE,FALSE,0,FALSE,2017-04-02 21:39:02,0
"539",2017-04-03 10:18:37,FALSE,FALSE,0,FALSE,2017-04-03 10:18:37,0
"540",2017-04-03 21:46:28,TRUE,FALSE,0,FALSE,2017-04-03 21:46:28,0
"541",2017-04-04 10:18:26,FALSE,FALSE,0,FALSE,2017-04-04 10:18:26,0
"542",2017-04-04 21:51:21,TRUE,FALSE,0,FALSE,2017-04-04 21:51:21,0
"543",2017-04-05 10:16:46,FALSE,FALSE,0,FALSE,2017-04-05 10:16:46,0
"544",2017-04-05 21:44:13,TRUE,FALSE,0,FALSE,2017-04-05 21:44:13,0
"545",2017-04-06 10:15:11,FALSE,FALSE,0,FALSE,2017-04-06 10:15:11,0
"546",2017-04-06 21:38:22,TRUE,FALSE,0,FALSE,2017-04-06 21:38:22,0
"547",2017-04-07 10:09:02,FALSE,FALSE,0,FALSE,2017-04-07 10:09:02,0
"548",2017-04-07 21:46:12,TRUE,FALSE,0,FALSE,2017-04-07 21:46:12,0
"549",2017-04-08 10:15:26,FALSE,FALSE,0,FALSE,2017-04-08 10:15:26,0
"550",2017-04-08 21:45:32,TRUE,FALSE,0,FALSE,2017-04-08 21:45:32,0
"551",2017-04-09 10:16:28,FALSE,FALSE,0,FALSE,2017-04-09 10:16:28,0
"552",2017-04-09 21:49:23,TRUE,FALSE,0,FALSE,2017-04-09 21:49:23,0
"553",2017-04-10 10:12:44,FALSE,FALSE,0,FALSE,2017-04-10 10:12:44,0
"554",2017-04-10 21:45:57,TRUE,FALSE,0,FALSE,2017-04-10 21:45:57,0
"555",2017-04-11 10:15:28,FALSE,FALSE,0,FALSE,2017-04-11 10:15:28,0
"556",2017-04-11 21:41:38,TRUE,FALSE,0,FALSE,2017-04-11 21:41:38,0
"557",2017-04-12 10:10:22,FALSE,FALSE,0,FALSE,2017-04-12 10:10:22,0
"558",2017-04-12 21:46:36,TRUE,FALSE,0,FALSE,2017-04-12 21:46:36,0
"559",2017-04-13 10:10:57,FALSE,FALSE,0,FALSE,2017-04-13 10:10:57,0
"560",2017-04-13 21:49:40,TRUE,FALSE,0,FALSE,2017-04-13 21:49:40,0
"561",2017-04-14 10:14:30,FALSE,FALSE,0,FALSE,2017-04-14 10:14:30,0
"562",2017-04-14 21:43:24,TRUE,FALSE,0,FALSE,2017-04-14 21:43:24,0
"563",2017-04-15 10:15:58,FALSE,FALSE,0,FALSE,2017-04-15 10:15:58,0
"564",2017-04-15 21:41:28,TRUE,FALSE,0,FALSE,2017-04-15 21:41:28,0
"565",2017-04-16 10:16:27,FALSE,FALSE,0,FALSE,2017-04-16 10:16:27,0
"566",2017-04-16 21:39:42,TRUE,FALSE,0,FALSE,2017-04-16 21:39:42,0
"567",2017-04-17 10:13:10,FALSE,FALSE,0,FALSE,2017-04-17 10:13:10,0
"568",2017-04-17 21:39:45,TRUE,FALSE,0,FALSE,2017-04-17 21:39:45,0
"569",2017-04-18 10:17:17,FALSE,FALSE,0,FALSE,2017-04-18 10:17:17,0
"570",2017-04-18 21:40:37,TRUE,FALSE,0,FALSE,2017-04-18 21:40:37,0
"571",2017-04-19 10:16:33,FALSE,FALSE,0,FALSE,2017-04-19 10:16:33,0
"572",2017-04-19 21:34:29,TRUE,FALSE,0,FALSE,2017-04-19 21:34:29,0
"573",2017-04-20 10:08:35,FALSE,FALSE,0,FALSE,2017-04-20 10:08:35,0
"574",2017-04-20 21:41:57,TRUE,FALSE,0,FALSE,2017-04-20 21:41:57,0
"575",2017-04-21 10:12:40,FALSE,FALSE,0,FALSE,2017-04-21 10:12:40,0
"576",2017-04-21 21:38:52,TRUE,FALSE,0,FALSE,2017-04-21 21:38:52,0
"577",2017-04-22 10:13:37,FALSE,FALSE,0,FALSE,2017-04-22 10:13:37,0
"578",2017-04-22 21:32:21,TRUE,FALSE,0,FALSE,2017-04-22 21:32:21,0
"579",2017-04-23 10:16:09,FALSE,FALSE,0,FALSE,2017-04-23 10:16:09,0
"580",2017-04-23 21:31:18,TRUE,FALSE,0,FALSE,2017-04-23 21:31:18,0
"581",2017-04-24 10:16:09,FALSE,FALSE,0,FALSE,2017-04-24 10:16:09,0
"582",2017-04-24 21:30:26,TRUE,FALSE,0,FALSE,2017-04-24 21:30:26,0
"583",2017-04-25 10:26:32,FALSE,FALSE,0,FALSE,2017-04-25 10:26:32,0
"584",2017-04-25 21:29:39,TRUE,FALSE,0,FALSE,2017-04-25 21:29:39,0
"585",2017-04-26 10:25:41,FALSE,FALSE,0,FALSE,2017-04-26 10:25:41,0
"586",2017-04-26 21:31:16,TRUE,FALSE,0,FALSE,2017-04-26 21:31:16,0
"587",2017-04-27 10:25:32,FALSE,FALSE,0,FALSE,2017-04-27 10:25:32,0
"588",2017-04-27 21:32:53,TRUE,FALSE,0,FALSE,2017-04-27 21:32:53,0
"589",2017-04-28 10:20:44,FALSE,FALSE,0,FALSE,2017-04-28 10:20:44,0
"590",2017-04-28 21:28:09,TRUE,FALSE,0,FALSE,2017-04-28 21:28:09,0
"591",2017-04-29 10:24:31,FALSE,FALSE,0,FALSE,2017-04-29 10:24:31,0
"592",2017-04-29 21:28:55,TRUE,FALSE,0,FALSE,2017-04-29 21:28:55,0
"593",2017-04-30 10:27:24,FALSE,FALSE,0,FALSE,2017-04-30 10:27:24,0
"594",2017-04-30 21:29:35,TRUE,FALSE,0,FALSE,2017-04-30 21:29:35,0
"595",2017-05-01 10:30:20,FALSE,FALSE,0,FALSE,2017-05-01 10:30:20,0
"596",2017-05-01 21:28:34,TRUE,FALSE,0,FALSE,2017-05-01 21:28:34,0
"597",2017-05-02 10:26:36,FALSE,FALSE,0,FALSE,2017-05-02 10:26:36,0
"598",2017-05-02 21:35:27,TRUE,FALSE,0,FALSE,2017-05-02 21:35:27,0
"599",2017-05-03 10:28:42,FALSE,FALSE,0,FALSE,2017-05-03 10:28:42,0
"600",2017-05-03 21:27:19,TRUE,FALSE,0,FALSE,2017-05-03 21:27:19,0
"601",2017-05-04 10:28:20,FALSE,FALSE,0,FALSE,2017-05-04 10:28:20,0
"602",2017-05-04 21:31:26,TRUE,FALSE,0,FALSE,2017-05-04 21:31:26,0
"603",2017-05-05 10:56:37,FALSE,FALSE,0,FALSE,2017-05-05 10:56:37,0
"604",2017-05-05 21:30:18,TRUE,FALSE,0,FALSE,2017-05-05 21:30:18,0
"605",2017-05-06 11:11:38,FALSE,FALSE,0,FALSE,2017-05-06 11:11:38,0
"606",2017-05-06 21:23:47,TRUE,FALSE,0,FALSE,2017-05-06 21:23:47,0
"607",2017-05-07 11:04:36,FALSE,FALSE,0,FALSE,2017-05-07 11:04:36,0
"608",2017-05-07 21:23:48,TRUE,FALSE,0,FALSE,2017-05-07 21:23:48,0
"609",2017-05-08 11:05:19,FALSE,FALSE,0,FALSE,2017-05-08 11:05:19,0
"610",2017-05-08 21:11:19,TRUE,FALSE,0,FALSE,2017-05-08 21:11:19,0
"611",2017-05-09 11:02:05,FALSE,FALSE,0,FALSE,2017-05-09 11:02:05,0
"612",2017-05-09 20:58:49,TRUE,FALSE,0,FALSE,2017-05-09 20:58:49,0
"613",2017-05-10 10:45:46,FALSE,FALSE,0,FALSE,2017-05-10 10:45:46,0
"614",2017-05-10 20:51:41,TRUE,FALSE,0,FALSE,2017-05-10 20:51:41,0
"615",2017-05-11 10:49:20,FALSE,FALSE,0,FALSE,2017-05-11 10:49:20,0
"616",2017-05-11 20:51:16,TRUE,FALSE,0,FALSE,2017-05-11 20:51:16,0
"617",2017-05-12 10:32:29,FALSE,FALSE,0,FALSE,2017-05-12 10:32:29,0
"618",2017-05-12 21:04:09,TRUE,FALSE,0,FALSE,2017-05-12 21:04:09,0
"619",2017-05-13 10:37:31,FALSE,FALSE,0,FALSE,2017-05-13 10:37:31,0
"620",2017-05-13 20:47:59,TRUE,FALSE,0,FALSE,2017-05-13 20:47:59,0
"621",2017-05-14 10:46:28,FALSE,FALSE,0,FALSE,2017-05-14 10:46:28,0
"622",2017-05-14 20:50:18,TRUE,FALSE,0,FALSE,2017-05-14 20:50:18,0
"623",2017-05-15 10:35:41,FALSE,FALSE,0,FALSE,2017-05-15 10:35:41,0
"624",2017-05-15 21:06:52,TRUE,FALSE,0,FALSE,2017-05-15 21:06:52,0
"625",2017-05-16 10:41:59,FALSE,FALSE,0,FALSE,2017-05-16 10:41:59,0
"626",2017-05-16 20:47:49,TRUE,FALSE,0,FALSE,2017-05-16 20:47:49,0
"627",2017-05-17 10:48:16,FALSE,FALSE,0,FALSE,2017-05-17 10:48:16,0
"628",2017-05-17 20:57:35,TRUE,FALSE,0,FALSE,2017-05-17 20:57:35,0
"629",2017-05-18 10:51:44,FALSE,FALSE,0,FALSE,2017-05-18 10:51:44,0
"630",2017-05-18 20:53:21,TRUE,FALSE,0,FALSE,2017-05-18 20:53:21,0
"631",2017-05-19 10:45:04,FALSE,FALSE,0,FALSE,2017-05-19 10:45:04,0
"632",2017-05-19 20:42:22,TRUE,FALSE,0,FALSE,2017-05-19 20:42:22,0
"633",2017-05-20 10:57:11,FALSE,FALSE,0,FALSE,2017-05-20 10:57:11,0
"634",2017-05-20 20:34:19,TRUE,FALSE,0,FALSE,2017-05-20 20:34:19,0
"635",2017-05-21 10:57:36,FALSE,FALSE,0,FALSE,2017-05-21 10:57:36,0
"636",2017-05-21 20:26:35,TRUE,FALSE,0,FALSE,2017-05-21 20:26:35,0
"637",2017-05-22 10:55:18,FALSE,FALSE,0,FALSE,2017-05-22 10:55:18,0
"638",2017-05-22 20:29:30,TRUE,FALSE,0,FALSE,2017-05-22 20:29:30,0
"639",2017-05-23 10:50:43,FALSE,FALSE,0,FALSE,2017-05-23 10:50:43,0
"640",2017-05-23 20:49:40,TRUE,FALSE,0,FALSE,2017-05-23 20:49:40,0
"641",2017-05-24 10:47:37,FALSE,FALSE,0,FALSE,2017-05-24 10:47:37,0
"642",2017-05-24 20:41:53,TRUE,FALSE,0,FALSE,2017-05-24 20:41:53,0
"643",2017-05-25 11:01:34,FALSE,FALSE,0,FALSE,2017-05-25 11:01:34,0
"644",2017-05-25 20:35:57,TRUE,FALSE,0,FALSE,2017-05-25 20:35:57,0
"645",2017-05-26 10:55:34,FALSE,FALSE,0,FALSE,2017-05-26 10:55:34,0
"646",2017-05-26 20:45:04,TRUE,FALSE,0,FALSE,2017-05-26 20:45:04,0
"647",2017-05-27 10:53:21,FALSE,FALSE,0,FALSE,2017-05-27 10:53:21,0
"648",2017-05-27 20:43:34,TRUE,FALSE,0,FALSE,2017-05-27 20:43:34,0
"649",2017-05-28 10:55:42,FALSE,FALSE,0,FALSE,2017-05-28 10:55:42,0
"650",2017-05-28 20:38:50,TRUE,FALSE,0,FALSE,2017-05-28 20:38:50,0
"651",2017-05-29 11:02:14,FALSE,FALSE,0,FALSE,2017-05-29 11:02:14,0
"652",2017-05-29 20:15:46,TRUE,FALSE,0,FALSE,2017-05-29 20:15:46,0
"653",2017-05-30 10:56:37,FALSE,FALSE,0,FALSE,2017-05-30 10:56:37,0
"654",2017-05-30 20:00:18,TRUE,FALSE,0,FALSE,2017-05-30 16:09:39,0
"655",2017-05-31 10:53:23,FALSE,FALSE,0,FALSE,2017-05-31 10:53:23,0
"656",2017-05-31 19:56:48,TRUE,FALSE,0,FALSE,2017-05-31 18:11:01,0
"657",2017-06-01 10:45:12,FALSE,FALSE,0,FALSE,2017-06-01 10:45:12,0
"658",2017-06-01 19:24:35,TRUE,FALSE,0,FALSE,2017-06-01 19:24:35,0
"659",2017-06-02 10:25:13,FALSE,FALSE,0,FALSE,2017-06-02 10:25:13,0
"660",2017-06-02 18:46:38,TRUE,FALSE,0,FALSE,2017-06-02 18:46:38,0
"661",2017-06-03 10:27:41,FALSE,FALSE,0,FALSE,2017-06-03 10:27:41,0
"662",2017-06-03 18:42:01,TRUE,FALSE,0,FALSE,2017-06-03 18:42:01,0
"663",2017-06-04 10:24:44,FALSE,FALSE,0,FALSE,2017-06-04 10:24:44,0
"664",2017-06-04 18:40:35,TRUE,FALSE,0,FALSE,2017-06-04 18:40:35,0
"665",2017-06-05 11:20:49,FALSE,FALSE,0,FALSE,2017-06-05 11:20:49,0
"666",2017-06-05 18:04:15,TRUE,FALSE,0,FALSE,2017-06-05 18:04:15,0
"667",2017-06-06 10:42:21,FALSE,FALSE,0,FALSE,2017-06-06 10:42:21,0
"668",2017-06-06 17:34:04,TRUE,FALSE,0,FALSE,2017-06-06 17:34:04,0
"669",2017-06-07 10:52:21,FALSE,FALSE,0,FALSE,2017-06-07 10:52:21,0
"670",2017-06-07 16:45:10,TRUE,FALSE,0,FALSE,2017-06-07 16:45:10,0
"671",2017-06-08 11:04:02,FALSE,FALSE,0,FALSE,2017-06-08 11:04:02,0
"672",2017-06-08 16:22:04,TRUE,FALSE,0,FALSE,2017-06-08 16:22:04,0
"673",2017-06-09 11:12:30,FALSE,FALSE,0,FALSE,2017-06-09 11:12:30,0
"674",2017-06-09 15:50:32,TRUE,FALSE,0,FALSE,2017-06-09 15:50:32,0
"675",2017-06-10 11:43:40,FALSE,FALSE,0,FALSE,2017-06-10 11:43:40,0
"676",2017-06-10 15:28:55,TRUE,FALSE,0,FALSE,2017-06-10 15:28:55,0
