YEAR,DOY,Date,Month,PRECTOT,T2M
2015,1,01/01/2015,January,0.66,19.51
2015,2,02/01/2015,January,0.02,19.54
2015,3,03/01/2015,January,0.2,20.32
2015,4,04/01/2015,January,20.17,19.61
2015,5,05/01/2015,January,9.99,19.03
2015,6,06/01/2015,January,0.34,18.87
2015,7,07/01/2015,January,0.44,18.86
2015,8,08/01/2015,January,0.18,20.01
2015,9,09/01/2015,January,0.18,20.38
2015,10,10/01/2015,January,0.98,19.34
2015,11,11/01/2015,January,0.31,18.8
2015,12,12/01/2015,January,0.25,20.21
2015,13,13/01/2015,January,0.12,20.83
2015,14,14/01/2015,January,0.01,20.57
2015,15,15/01/2015,January,0,19.99
2015,16,16/01/2015,January,0.01,20.39
2015,17,17/01/2015,January,0,19.99
2015,18,18/01/2015,January,0.25,19.91
2015,19,19/01/2015,January,0.31,19.86
2015,20,20/01/2015,January,3.29,19.37
2015,21,21/01/2015,January,1.26,20.27
2015,22,22/01/2015,January,0.27,20.87
2015,23,23/01/2015,January,0.39,21.46
2015,24,24/01/2015,January,0.1,21.5
2015,25,25/01/2015,January,0.03,21.13
2015,26,26/01/2015,January,0.01,20.87
2015,27,27/01/2015,January,0.02,21.33
2015,28,28/01/2015,January,0.11,21.93
2015,29,29/01/2015,January,0.04,21.72
2015,30,30/01/2015,January,0.02,21.67
2015,31,31/01/2015,January,0,21.82
2015,32,01/02/2015,February,0.19,22.63
2015,33,02/02/2015,February,0.11,23.11
2015,34,03/02/2015,February,0.07,23.43
2015,35,04/02/2015,February,0.14,23.18
2015,36,05/02/2015,February,0.03,23.23
2015,37,06/02/2015,February,0.03,23.21
2015,38,07/02/2015,February,0,23.39
2015,39,08/02/2015,February,0,22.66
2015,40,09/02/2015,February,0,23.14
2015,41,10/02/2015,February,0.25,22.33
2015,42,11/02/2015,February,0.14,22.58
2015,43,12/02/2015,February,0.25,22.61
2015,44,13/02/2015,February,1.57,23.14
2015,45,14/02/2015,February,1.53,21.8
2015,46,15/02/2015,February,1.75,19.56
2015,47,16/02/2015,February,2.24,19.13
2015,48,17/02/2015,February,4.93,18.84
2015,49,18/02/2015,February,1.31,20.97
2015,50,19/02/2015,February,0.33,22.15
2015,51,20/02/2015,February,0.2,22.8
2015,52,21/02/2015,February,0.03,22.72
2015,53,22/02/2015,February,0.02,23.1
2015,54,23/02/2015,February,0.01,23.03
2015,55,24/02/2015,February,0.06,22.89
2015,56,25/02/2015,February,0.69,22.32
2015,57,26/02/2015,February,0.59,22.57
2015,58,27/02/2015,February,0.23,22.98
2015,59,28/02/2015,February,0.17,23.47
2015,60,01/03/2015,March,0.42,23.07
2015,61,02/03/2015,March,0.09,22.76
2015,62,03/03/2015,March,0,22.88
2015,63,04/03/2015,March,0,23.26
2015,64,05/03/2015,March,0,22.93
2015,65,06/03/2015,March,0,22.93
2015,66,07/03/2015,March,0,22.92
2015,67,08/03/2015,March,0,23
2015,68,09/03/2015,March,0,23.01
2015,69,10/03/2015,March,0,22.92
2015,70,11/03/2015,March,0,23.47
2015,71,12/03/2015,March,0.05,24.16
2015,72,13/03/2015,March,0.06,24.12
2015,73,14/03/2015,March,0.11,22.88
2015,74,15/03/2015,March,0,22.33
2015,75,16/03/2015,March,0,23.05
2015,76,17/03/2015,March,0.14,24.03
2015,77,18/03/2015,March,0.14,23.87
2015,78,19/03/2015,March,0.22,23.42
2015,79,20/03/2015,March,0.72,23.19
2015,80,21/03/2015,March,1.22,23.02
2015,81,22/03/2015,March,0.57,23.32
2015,82,23/03/2015,March,2.12,22.1
2015,83,24/03/2015,March,1.53,22.02
2015,84,25/03/2015,March,4.09,21.68
2015,85,26/03/2015,March,10.89,20.13
2015,86,27/03/2015,March,6.45,20.56
2015,87,28/03/2015,March,9,20.55
2015,88,29/03/2015,March,10.18,18.39
2015,89,30/03/2015,March,7.08,19.53
2015,90,31/03/2015,March,8.21,18.47
2015,91,01/04/2015,April,5.41,19.44
2015,92,02/04/2015,April,1.78,20.51
2015,93,03/04/2015,April,10.09,19.57
2015,94,04/04/2015,April,28.27,17.4
2015,95,05/04/2015,April,17.06,17.42
2015,96,06/04/2015,April,0.59,18.51
2015,97,07/04/2015,April,1.82,18.89
2015,98,08/04/2015,April,1.14,20.22
2015,99,09/04/2015,April,2.65,18.68
2015,100,10/04/2015,April,2.69,19.02
2015,101,11/04/2015,April,1.22,20.1
2015,102,12/04/2015,April,0.14,20.7
2015,103,13/04/2015,April,0.15,20.83
2015,104,14/04/2015,April,1.73,20.61
2015,105,15/04/2015,April,3.27,19.99
2015,106,16/04/2015,April,4.47,19.7
2015,107,17/04/2015,April,5.74,19.66
2015,108,18/04/2015,April,5.14,19.4
2015,109,19/04/2015,April,1.98,19.51
2015,110,20/04/2015,April,8.11,19.14
2015,111,21/04/2015,April,4.76,19.24
2015,112,22/04/2015,April,3.86,18.83
2015,113,23/04/2015,April,5.21,18.5
2015,114,24/04/2015,April,2.1,18.92
2015,115,25/04/2015,April,1.2,19.22
2015,116,26/04/2015,April,20.75,19.3
2015,117,27/04/2015,April,47.14,16.54
2015,118,28/04/2015,April,0.98,17.37
2015,119,29/04/2015,April,1.72,18.71
2015,120,30/04/2015,April,10.77,18.47
2015,121,01/05/2015,May,21.45,18.03
2015,122,02/05/2015,May,6.41,18.05
2015,123,03/05/2015,May,0.45,17.45
2015,124,04/05/2015,May,1.77,18.35
2015,125,05/05/2015,May,1.25,17.77
2015,126,06/05/2015,May,1.17,17.91
2015,127,07/05/2015,May,2.26,18.46
2015,128,08/05/2015,May,3.11,17.96
2015,129,09/05/2015,May,2.12,17.59
2015,130,10/05/2015,May,1.42,18.22
2015,131,11/05/2015,May,3.18,18.82
2015,132,12/05/2015,May,4.29,18.26
2015,133,13/05/2015,May,4.99,18.59
2015,134,14/05/2015,May,9.94,17.82
2015,135,15/05/2015,May,1.3,18.72
2015,136,16/05/2015,May,1.16,18.79
2015,137,17/05/2015,May,1.02,18.57
2015,138,18/05/2015,May,2.47,18.15
2015,139,19/05/2015,May,5.73,17.58
2015,140,20/05/2015,May,5.05,17.39
2015,141,21/05/2015,May,2.73,17.95
2015,142,22/05/2015,May,2.02,18.35
2015,143,23/05/2015,May,4.95,18.34
2015,144,24/05/2015,May,9.46,18.28
2015,145,25/05/2015,May,10.84,18.13
2015,146,26/05/2015,May,4.62,17.4
2015,147,27/05/2015,May,1.21,18.15
2015,148,28/05/2015,May,1.23,18.18
2015,149,29/05/2015,May,1.4,17.98
2015,150,30/05/2015,May,1.89,18.12
2015,151,31/05/2015,May,3.12,17.91
2015,152,01/06/2015,June,6.08,17.76
2015,153,02/06/2015,June,11.8,17.64
2015,154,03/06/2015,June,13.79,18.11
2015,155,04/06/2015,June,8.63,17.64
2015,156,05/06/2015,June,0.77,18.21
2015,157,06/06/2015,June,1.07,18.12
2015,158,07/06/2015,June,0.3,17.7
2015,159,08/06/2015,June,0.14,17.51
2015,160,09/06/2015,June,0.7,17.86
2015,161,10/06/2015,June,1.56,16.7
2015,162,11/06/2015,June,2.95,17.15
2015,163,12/06/2015,June,2.12,17.4
2015,164,13/06/2015,June,1.24,17.84
2015,165,14/06/2015,June,1.91,17.59
2015,166,15/06/2015,June,0.11,18.62
2015,167,16/06/2015,June,1.58,18.04
2015,168,17/06/2015,June,0.43,18.82
2015,169,18/06/2015,June,0.87,18.17
2015,170,19/06/2015,June,7.6,17.21
2015,171,20/06/2015,June,1.16,17.12
2015,172,21/06/2015,June,0.21,16.99
2015,173,22/06/2015,June,0.05,16.25
2015,174,23/06/2015,June,0.08,17.02
2015,175,24/06/2015,June,0.4,17.78
2015,176,25/06/2015,June,0.51,17.88
2015,177,26/06/2015,June,0.16,17.73
2015,178,27/06/2015,June,0.04,17.73
2015,179,28/06/2015,June,0.54,17.99
2015,180,29/06/2015,June,1.76,18.17
2015,181,30/06/2015,June,1.15,18.1
2015,182,01/07/2015,July,0.68,18.4
2015,183,02/07/2015,July,0.83,18.38
2015,184,03/07/2015,July,1.22,17.76
2015,185,04/07/2015,July,0.18,17.74
2015,186,05/07/2015,July,0.07,16.96
2015,187,06/07/2015,July,0.32,17.4
2015,188,07/07/2015,July,0.38,17.49
2015,189,08/07/2015,July,0.44,18.19
2015,190,09/07/2015,July,0.58,18.25
2015,191,10/07/2015,July,0.06,18.19
2015,192,11/07/2015,July,0,16.89
2015,193,12/07/2015,July,0,17.01
2015,194,13/07/2015,July,0,18.13
2015,195,14/07/2015,July,0,17.98
2015,196,15/07/2015,July,0.17,17.44
2015,197,16/07/2015,July,0.42,18.15
2015,198,17/07/2015,July,1.25,19
2015,199,18/07/2015,July,0.5,19.33
2015,200,19/07/2015,July,0.63,18.84
2015,201,20/07/2015,July,0.13,18.77
2015,202,21/07/2015,July,0.43,18.2
2015,203,22/07/2015,July,0.96,16.99
2015,204,23/07/2015,July,0.56,17.79
2015,205,24/07/2015,July,0.92,18.61
2015,206,25/07/2015,July,1.78,18.31
2015,207,26/07/2015,July,1.37,18.5
2015,208,27/07/2015,July,0.51,19.61
2015,209,28/07/2015,July,3.63,18.28
2015,210,29/07/2015,July,1.84,17.81
2015,211,30/07/2015,July,2.18,18.09
2015,212,31/07/2015,July,2.95,18.06
2015,213,01/08/2015,August,1.28,18.71
2015,214,02/08/2015,August,0.7,17.94
2015,215,03/08/2015,August,0.79,18.8
2015,216,04/08/2015,August,0.5,18.51
2015,217,05/08/2015,August,0.22,17.92
2015,218,06/08/2015,August,0.39,18.34
2015,219,07/08/2015,August,0.65,18.62
2015,220,08/08/2015,August,0.72,18.03
2015,221,09/08/2015,August,0.22,17.85
2015,222,10/08/2015,August,0.42,18.83
2015,223,11/08/2015,August,0.16,18.57
2015,224,12/08/2015,August,0.04,19.46
2015,225,13/08/2015,August,0.04,18.85
2015,226,14/08/2015,August,0.08,19.84
2015,227,15/08/2015,August,0.09,20.02
2015,228,16/08/2015,August,0.04,18.72
2015,229,17/08/2015,August,0.02,18.78
2015,230,18/08/2015,August,0.84,19.28
2015,231,19/08/2015,August,5.49,19.53
2015,232,20/08/2015,August,8.07,19.45
2015,233,21/08/2015,August,4.03,19.31
2015,234,22/08/2015,August,0.14,18.89
2015,235,23/08/2015,August,0.21,18.36
2015,236,24/08/2015,August,0.01,17.16
2015,237,25/08/2015,August,0.38,18.47
2015,238,26/08/2015,August,0.18,19.08
2015,239,27/08/2015,August,0.06,19.22
2015,240,28/08/2015,August,0.65,18.63
2015,241,29/08/2015,August,0.16,20
2015,242,30/08/2015,August,0.71,19.67
2015,243,31/08/2015,August,1.37,18.67
2015,244,01/09/2015,September,7.23,19.6
2015,245,02/09/2015,September,3.24,19.25
2015,246,03/09/2015,September,1.15,18.47
2015,247,04/09/2015,September,1,16.79
2015,248,05/09/2015,September,1.52,19.31
2015,249,06/09/2015,September,0.65,18.04
2015,250,07/09/2015,September,0.77,19.08
2015,251,08/09/2015,September,7.76,18.16
2015,252,09/09/2015,September,0.38,19.42
2015,253,10/09/2015,September,0.36,19.49
2015,254,11/09/2015,September,0.72,20.35
2015,255,12/09/2015,September,2.32,19.87
2015,256,13/09/2015,September,0.18,20.15
2015,257,14/09/2015,September,0.24,20.32
2015,258,15/09/2015,September,0.75,19.92
2015,259,16/09/2015,September,0.51,19.86
2015,260,17/09/2015,September,0.11,20.77
2015,261,18/09/2015,September,0.08,21.28
2015,262,19/09/2015,September,0.06,21.82
2015,263,20/09/2015,September,0,21.24
2015,264,21/09/2015,September,0.02,20.74
2015,265,22/09/2015,September,0.44,20.93
2015,266,23/09/2015,September,0.52,20.97
2015,267,24/09/2015,September,0.55,21.32
2015,268,25/09/2015,September,0.5,20.52
2015,269,26/09/2015,September,0.3,20.95
2015,270,27/09/2015,September,0.18,20.8
2015,271,28/09/2015,September,0.24,21.17
2015,272,29/09/2015,September,0.13,22.24
2015,273,30/09/2015,September,1.01,21.93
2015,274,01/10/2015,October,6.09,21.58
2015,275,02/10/2015,October,1.8,21.88
2015,276,03/10/2015,October,0.5,22.34
2015,277,04/10/2015,October,0.84,21.61
2015,278,05/10/2015,October,0.39,21.39
2015,279,06/10/2015,October,0.15,21.04
2015,280,07/10/2015,October,1.3,20.67
2015,281,08/10/2015,October,1.24,21.29
2015,282,09/10/2015,October,2.09,21.42
2015,283,10/10/2015,October,1.41,21.66
2015,284,11/10/2015,October,0.63,21.76
2015,285,12/10/2015,October,1.12,21.81
2015,286,13/10/2015,October,1.69,21.56
2015,287,14/10/2015,October,1.04,21
2015,288,15/10/2015,October,0.58,21.48
2015,289,16/10/2015,October,0.9,21.48
2015,290,17/10/2015,October,1.23,21.58
2015,291,18/10/2015,October,1.45,21.32
2015,292,19/10/2015,October,2.55,20.85
2015,293,20/10/2015,October,1.95,20.9
2015,294,21/10/2015,October,2.2,20.82
2015,295,22/10/2015,October,9.27,20.2
2015,296,23/10/2015,October,9.14,19.56
2015,297,24/10/2015,October,1.37,20.58
2015,298,25/10/2015,October,2.94,20.29
2015,299,26/10/2015,October,2.39,20.33
2015,300,27/10/2015,October,7.66,20.1
2015,301,28/10/2015,October,5.91,19.9
2015,302,29/10/2015,October,4.47,19.3
2015,303,30/10/2015,October,2.9,19.84
2015,304,31/10/2015,October,2.08,21.08
2015,305,01/11/2015,November,2.64,20.42
2015,306,02/11/2015,November,10.14,19.15
2015,307,03/11/2015,November,8.62,18.98
2015,308,04/11/2015,November,4.88,20.45
2015,309,05/11/2015,November,2.38,20.21
2015,310,06/11/2015,November,2.32,20.08
2015,311,07/11/2015,November,3.97,20.28
2015,312,08/11/2015,November,5,19.9
2015,313,09/11/2015,November,10.83,18.95
2015,314,10/11/2015,November,6.6,18.69
2015,315,11/11/2015,November,10.2,18.79
2015,316,12/11/2015,November,1.22,19.76
2015,317,13/11/2015,November,0.16,20.49
2015,318,14/11/2015,November,0.55,20.49
2015,319,15/11/2015,November,3.86,20.46
2015,320,16/11/2015,November,8.66,18.36
2015,321,17/11/2015,November,17.77,17.14
2015,322,18/11/2015,November,12.97,18.69
2015,323,19/11/2015,November,7.77,19.56
2015,324,20/11/2015,November,1.61,20.14
2015,325,21/11/2015,November,4.34,19.16
2015,326,22/11/2015,November,4.97,19.47
2015,327,23/11/2015,November,1.52,20.32
2015,328,24/11/2015,November,0.62,20.08
2015,329,25/11/2015,November,13.25,19.31
2015,330,26/11/2015,November,16.61,17.78
2015,331,27/11/2015,November,9.68,18.86
2015,332,28/11/2015,November,1.46,19.3
2015,333,29/11/2015,November,6.44,18.53
2015,334,30/11/2015,November,4.04,18.62
2015,335,01/12/2015,December,1.19,18.88
2015,336,02/12/2015,December,1.08,19.38
2015,337,03/12/2015,December,6.66,19.5
2015,338,04/12/2015,December,15.54,18.73
2015,339,05/12/2015,December,12.88,18.7
2015,340,06/12/2015,December,1.71,18.67
2015,341,07/12/2015,December,5.74,19.91
2015,342,08/12/2015,December,19.35,19.63
2015,343,09/12/2015,December,8.93,19.02
2015,344,10/12/2015,December,7.18,19.25
2015,345,11/12/2015,December,7.37,19.66
2015,346,12/12/2015,December,13.32,18.28
2015,347,13/12/2015,December,45.15,17.1
2015,348,14/12/2015,December,7.12,17.38
2015,349,15/12/2015,December,10.77,17.32
2015,350,16/12/2015,December,19.44,17.18
2015,351,17/12/2015,December,5.11,18.41
2015,352,18/12/2015,December,4.94,18.81
2015,353,19/12/2015,December,10.1,18.88
2015,354,20/12/2015,December,4.06,18.5
2015,355,21/12/2015,December,6.47,18.97
2015,356,22/12/2015,December,1.98,19.09
2015,357,23/12/2015,December,0.49,18.57
2015,358,24/12/2015,December,1.76,18.37
2015,359,25/12/2015,December,0.66,18.74
2015,360,26/12/2015,December,0.72,18.95
2015,361,27/12/2015,December,1.17,19.36
2015,362,28/12/2015,December,2.05,19.81
2015,363,29/12/2015,December,0.13,18.94
2015,364,30/12/2015,December,0,19.18
2015,365,31/12/2015,December,0.03,19.82
2016,1,01/01/2016,January,0.03,20.41
2016,2,02/01/2016,January,0.1,20.39
2016,3,03/01/2016,January,0.79,20.22
2016,4,04/01/2016,January,2.36,19.77
2016,5,05/01/2016,January,1.68,19.59
2016,6,06/01/2016,January,0.46,20.28
2016,7,07/01/2016,January,1.01,20.34
2016,8,08/01/2016,January,0.88,20.85
2016,9,09/01/2016,January,1.32,19.5
2016,10,10/01/2016,January,5.03,18.91
2016,11,11/01/2016,January,7.77,17.56
2016,12,12/01/2016,January,11.02,19.08
2016,13,13/01/2016,January,5.18,19.24
2016,14,14/01/2016,January,5.58,19.2
2016,15,15/01/2016,January,18.26,18.11
2016,16,16/01/2016,January,3.79,18.93
2016,17,17/01/2016,January,12.69,18.07
2016,18,18/01/2016,January,15.05,18.57
2016,19,19/01/2016,January,13.55,17.8
2016,20,20/01/2016,January,20.24,17.5
2016,21,21/01/2016,January,16.97,18.67
2016,22,22/01/2016,January,8.1,19.59
2016,23,23/01/2016,January,1.83,19.48
2016,24,24/01/2016,January,0.92,19.36
2016,25,25/01/2016,January,0.17,18.81
2016,26,26/01/2016,January,0.82,18.96
2016,27,27/01/2016,January,2.92,17.88
2016,28,28/01/2016,January,1.4,18.04
2016,29,29/01/2016,January,0.62,18.3
2016,30,30/01/2016,January,0.9,18.1
2016,31,31/01/2016,January,0.84,19.15
2016,32,01/02/2016,February,0.96,19.79
2016,33,02/02/2016,February,0.08,19.76
2016,34,03/02/2016,February,0.03,20.04
2016,35,04/02/2016,February,0.01,19.71
2016,36,05/02/2016,February,0.01,20.32
2016,37,06/02/2016,February,0,19.6
2016,38,07/02/2016,February,0.07,19.98
2016,39,08/02/2016,February,0.89,18.95
2016,40,09/02/2016,February,2.54,18.66
2016,41,10/02/2016,February,3.15,19.08
2016,42,11/02/2016,February,6.91,18.38
2016,43,12/02/2016,February,4.04,20.02
2016,44,13/02/2016,February,0.86,20.41
2016,45,14/02/2016,February,0.02,20.44
2016,46,15/02/2016,February,0.01,20.05
2016,47,16/02/2016,February,0,19.56
2016,48,17/02/2016,February,0,19.84
2016,49,18/02/2016,February,0.75,20.84
2016,50,19/02/2016,February,0.81,21
2016,51,20/02/2016,February,0.02,20.84
2016,52,21/02/2016,February,0.01,20.64
2016,53,22/02/2016,February,0,20.86
2016,54,23/02/2016,February,0,21.18
2016,55,24/02/2016,February,0,21.39
2016,56,25/02/2016,February,0.07,21.81
2016,57,26/02/2016,February,2.8,21.74
2016,58,27/02/2016,February,3.87,21.68
2016,59,28/02/2016,February,0.79,20.71
2016,60,29/02/2016,February,0.9,21.11
2016,61,01/03/2016,March,0.54,21.36
2016,62,02/03/2016,March,5.68,21.3
2016,63,03/03/2016,March,2.02,22.33
2016,64,04/03/2016,March,0.1,21.96
2016,65,05/03/2016,March,0.03,21.37
2016,66,06/03/2016,March,0.23,22.06
2016,67,07/03/2016,March,2.53,21.38
2016,68,08/03/2016,March,15,19.03
2016,69,09/03/2016,March,3.22,19.04
2016,70,10/03/2016,March,11.98,18.38
2016,71,11/03/2016,March,0.25,20.98
2016,72,12/03/2016,March,0,21.13
2016,73,13/03/2016,March,0,21.2
2016,74,14/03/2016,March,0,21.42
2016,75,15/03/2016,March,0,21.74
2016,76,16/03/2016,March,0,22.47
2016,77,17/03/2016,March,0.15,22.22
2016,78,18/03/2016,March,0.99,21.78
2016,79,19/03/2016,March,0.55,22.44
2016,80,20/03/2016,March,1.62,22.39
2016,81,21/03/2016,March,0.56,22.94
2016,82,22/03/2016,March,7.93,21.58
2016,83,23/03/2016,March,3.03,22.31
2016,84,24/03/2016,March,0.88,22.98
2016,85,25/03/2016,March,0.56,22.35
2016,86,26/03/2016,March,0.02,22.37
2016,87,27/03/2016,March,0.27,22.91
2016,88,28/03/2016,March,0.1,23.81
2016,89,29/03/2016,March,0.4,23.78
2016,90,30/03/2016,March,1.35,23.47
2016,91,31/03/2016,March,4.06,22.46
2016,92,01/04/2016,April,20.68,19.19
2016,93,02/04/2016,April,14.55,18.8
2016,94,03/04/2016,April,21.18,18.85
2016,95,04/04/2016,April,9.79,18.92
2016,96,05/04/2016,April,12.89,18.99
2016,97,06/04/2016,April,1.6,19.94
2016,98,07/04/2016,April,0.29,20.1
2016,99,08/04/2016,April,0.05,20.2
2016,100,09/04/2016,April,2,20.46
2016,101,10/04/2016,April,3.44,20.19
2016,102,11/04/2016,April,2.12,20.16
2016,103,12/04/2016,April,2.41,19.98
2016,104,13/04/2016,April,1.33,20.36
2016,105,14/04/2016,April,3.43,19.63
2016,106,15/04/2016,April,5.08,20.67
2016,107,16/04/2016,April,2.42,20.22
2016,108,17/04/2016,April,3.71,19.97
2016,109,18/04/2016,April,1.71,20.4
2016,110,19/04/2016,April,14.61,19.68
2016,111,20/04/2016,April,23.17,19.03
2016,112,21/04/2016,April,4.86,19.28
2016,113,22/04/2016,April,1.64,19.83
2016,114,23/04/2016,April,6.73,20.18
2016,115,24/04/2016,April,17.22,18.77
2016,116,25/04/2016,April,17.07,17.94
2016,117,26/04/2016,April,5.84,18.6
2016,118,27/04/2016,April,6.38,18.27
2016,119,28/04/2016,April,13.01,18.87
2016,120,29/04/2016,April,13.91,18.16
2016,121,30/04/2016,April,29.36,18.16
2016,122,01/05/2016,May,12.05,18.03
2016,123,02/05/2016,May,3.2,18.21
2016,124,03/05/2016,May,1.93,18.33
2016,125,04/05/2016,May,0.16,18.76
2016,126,05/05/2016,May,1.59,18.52
2016,127,06/05/2016,May,5.26,17.74
2016,128,07/05/2016,May,9.94,18.32
2016,129,08/05/2016,May,9.23,17.29
2016,130,09/05/2016,May,0.31,16.76
2016,131,10/05/2016,May,3.17,17.23
2016,132,11/05/2016,May,1.06,17.29
2016,133,12/05/2016,May,1.79,17.62
2016,134,13/05/2016,May,3.49,18.14
2016,135,14/05/2016,May,5.07,18.32
2016,136,15/05/2016,May,2.5,18.66
2016,137,16/05/2016,May,2.97,17.94
2016,138,17/05/2016,May,3.69,18.12
2016,139,18/05/2016,May,5.41,18.77
2016,140,19/05/2016,May,3.38,17.94
2016,141,20/05/2016,May,4.96,17.67
2016,142,21/05/2016,May,1.45,17.19
2016,143,22/05/2016,May,0.62,17.73
2016,144,23/05/2016,May,1.86,18.18
2016,145,24/05/2016,May,1.27,17.98
2016,146,25/05/2016,May,0.87,17.79
2016,147,26/05/2016,May,1.28,18.41
2016,148,27/05/2016,May,2.25,17.53
2016,149,28/05/2016,May,0.97,18.42
2016,150,29/05/2016,May,0.27,18.14
2016,151,30/05/2016,May,0.48,18.52
2016,152,31/05/2016,May,0.12,18.43
2016,153,01/06/2016,June,0,18.95
2016,154,02/06/2016,June,0.01,18.99
2016,155,03/06/2016,June,0.02,19.12
2016,156,04/06/2016,June,0.01,19
2016,157,05/06/2016,June,0.03,18.66
2016,158,06/06/2016,June,0.08,18.54
2016,159,07/06/2016,June,0.04,17.9
2016,160,08/06/2016,June,0.03,18.1
2016,161,09/06/2016,June,0.09,17.4
2016,162,10/06/2016,June,0.3,17.79
2016,163,11/06/2016,June,1.42,16.96
2016,164,12/06/2016,June,0.28,18.79
2016,165,13/06/2016,June,0.64,18.77
2016,166,14/06/2016,June,1.38,18.31
2016,167,15/06/2016,June,1.33,17.4
2016,168,16/06/2016,June,2.28,17.68
2016,169,17/06/2016,June,3.27,16.95
2016,170,18/06/2016,June,0.66,16.53
2016,171,19/06/2016,June,1.07,17.21
2016,172,20/06/2016,June,3.43,17.07
2016,173,21/06/2016,June,9.33,16.72
2016,174,22/06/2016,June,4.16,16.29
2016,175,23/06/2016,June,1.21,17
2016,176,24/06/2016,June,0.86,16.6
2016,177,25/06/2016,June,0.37,16.12
2016,178,26/06/2016,June,0.18,16.72
2016,179,27/06/2016,June,0.13,17.2
2016,180,28/06/2016,June,0.08,17.22
2016,181,29/06/2016,June,0.14,17.43
2016,182,30/06/2016,June,1.11,17.54
2016,183,01/07/2016,July,0.81,17.06
2016,184,02/07/2016,July,0.06,18.6
2016,185,03/07/2016,July,0.13,18.62
2016,186,04/07/2016,July,0.2,18.08
2016,187,05/07/2016,July,0.02,17.31
2016,188,06/07/2016,July,0.07,18.12
2016,189,07/07/2016,July,0.13,18.47
2016,190,08/07/2016,July,0.49,18.29
2016,191,09/07/2016,July,0.46,17.15
2016,192,10/07/2016,July,1.3,16.78
2016,193,11/07/2016,July,0.99,16.45
2016,194,12/07/2016,July,1.69,15.46
2016,195,13/07/2016,July,0.46,16.19
2016,196,14/07/2016,July,2.33,15.99
2016,197,15/07/2016,July,0.28,17.24
2016,198,16/07/2016,July,0.18,17.97
2016,199,17/07/2016,July,0.42,18.06
2016,200,18/07/2016,July,0.27,18.13
2016,201,19/07/2016,July,0.06,19.2
2016,202,20/07/2016,July,1.58,18.09
2016,203,21/07/2016,July,4.02,17.76
2016,204,22/07/2016,July,2.82,17.61
2016,205,23/07/2016,July,1.11,16.85
2016,206,24/07/2016,July,0.78,17.92
2016,207,25/07/2016,July,0.22,17.87
2016,208,26/07/2016,July,0.08,18.45
2016,209,27/07/2016,July,0.06,19.12
2016,210,28/07/2016,July,0.12,18.98
2016,211,29/07/2016,July,0.08,19.21
2016,212,30/07/2016,July,0.38,19.05
2016,213,31/07/2016,July,0.24,19.49
2016,214,01/08/2016,August,0.04,19.94
2016,215,02/08/2016,August,0.09,19.79
2016,216,03/08/2016,August,0.17,19.82
2016,217,04/08/2016,August,0.32,18.79
2016,218,05/08/2016,August,1.01,18.32
2016,219,06/08/2016,August,3.15,17.79
2016,220,07/08/2016,August,2.96,17.13
2016,221,08/08/2016,August,0.64,17.66
2016,222,09/08/2016,August,0.35,17.42
2016,223,10/08/2016,August,0.39,17.52
2016,224,11/08/2016,August,0.7,18.05
2016,225,12/08/2016,August,1.63,18.58
2016,226,13/08/2016,August,1.15,18.54
2016,227,14/08/2016,August,0.19,18.79
2016,228,15/08/2016,August,0.09,18.94
2016,229,16/08/2016,August,0.12,18.68
2016,230,17/08/2016,August,0.04,18.35
2016,231,18/08/2016,August,0.05,18.55
2016,232,19/08/2016,August,0.04,19.37
2016,233,20/08/2016,August,0.06,20.15
2016,234,21/08/2016,August,0.8,19.9
2016,235,22/08/2016,August,1.01,19.72
2016,236,23/08/2016,August,0.53,19.88
2016,237,24/08/2016,August,0.01,18.64
2016,238,25/08/2016,August,0.02,18.6
2016,239,26/08/2016,August,0.08,18.69
2016,240,27/08/2016,August,0.03,19.29
2016,241,28/08/2016,August,0.03,18.77
2016,242,29/08/2016,August,0.11,18.28
2016,243,30/08/2016,August,0.18,18.92
2016,244,31/08/2016,August,1.39,18.52
2016,245,01/09/2016,September,0.65,17.5
2016,246,02/09/2016,September,0.44,18.52
2016,247,03/09/2016,September,0.45,19.48
2016,248,04/09/2016,September,2.21,19.05
2016,249,05/09/2016,September,5.5,18.65
2016,250,06/09/2016,September,4.02,18.79
2016,251,07/09/2016,September,0.07,19.88
2016,252,08/09/2016,September,0.06,20.02
2016,253,09/09/2016,September,0,19.88
2016,254,10/09/2016,September,0.08,19.52
2016,255,11/09/2016,September,0.39,20.15
2016,256,12/09/2016,September,0.2,19.87
2016,257,13/09/2016,September,0.1,20.95
2016,258,14/09/2016,September,4.6,18.64
2016,259,15/09/2016,September,5.18,18.97
2016,260,16/09/2016,September,1.46,19.32
2016,261,17/09/2016,September,0.12,20.56
2016,262,18/09/2016,September,0.11,20.88
2016,263,19/09/2016,September,0.1,19.89
2016,264,20/09/2016,September,0.12,19.19
2016,265,21/09/2016,September,7.06,18.88
2016,266,22/09/2016,September,7.31,18.94
2016,267,23/09/2016,September,0.94,20.4
2016,268,24/09/2016,September,2.04,19.03
2016,269,25/09/2016,September,4.82,19.74
2016,270,26/09/2016,September,4.84,17.55
2016,271,27/09/2016,September,4.22,18.98
2016,272,28/09/2016,September,1.42,18.65
2016,273,29/09/2016,September,0.77,20.05
2016,274,30/09/2016,September,1.44,20.09
2016,275,01/10/2016,October,1.23,19.91
2016,276,02/10/2016,October,4.75,18.94
2016,277,03/10/2016,October,10.52,18.76
2016,278,04/10/2016,October,6.65,18.69
2016,279,05/10/2016,October,12.39,19.22
2016,280,06/10/2016,October,2.44,19.55
2016,281,07/10/2016,October,0.58,20.62
2016,282,08/10/2016,October,0.07,21.13
2016,283,09/10/2016,October,0.17,21.25
2016,284,10/10/2016,October,0.2,20.85
2016,285,11/10/2016,October,0.08,20.11
2016,286,12/10/2016,October,0.02,20.25
2016,287,13/10/2016,October,0.04,19.89
2016,288,14/10/2016,October,0,20.07
2016,289,15/10/2016,October,0.06,20.21
2016,290,16/10/2016,October,0.21,20.9
2016,291,17/10/2016,October,0.09,20.66
2016,292,18/10/2016,October,0.12,20.98
2016,293,19/10/2016,October,0.04,20.82
2016,294,20/10/2016,October,0.18,19.57
2016,295,21/10/2016,October,0.22,20.51
2016,296,22/10/2016,October,0.32,20.88
2016,297,23/10/2016,October,0.32,20.67
2016,298,24/10/2016,October,0.13,21.16
2016,299,25/10/2016,October,0.02,21.26
2016,300,26/10/2016,October,0.13,20.68
2016,301,27/10/2016,October,0.03,21.24
2016,302,28/10/2016,October,4.16,19.99
2016,303,29/10/2016,October,3.47,20.58
2016,304,30/10/2016,October,0.33,21.31
2016,305,31/10/2016,October,0.12,21.77
2016,306,01/11/2016,November,0.33,21.9
2016,307,02/11/2016,November,1.25,20.58
2016,308,03/11/2016,November,5.16,19.35
2016,309,04/11/2016,November,7.77,19.38
2016,310,05/11/2016,November,0.72,20.14
2016,311,06/11/2016,November,0.25,20.1
2016,312,07/11/2016,November,0.41,20.59
2016,313,08/11/2016,November,1.61,19.78
2016,314,09/11/2016,November,1.37,19.72
2016,315,10/11/2016,November,1.3,20.45
2016,316,11/11/2016,November,1.43,19.55
2016,317,12/11/2016,November,0.56,19.91
2016,318,13/11/2016,November,0.52,21.07
2016,319,14/11/2016,November,0.78,20.58
2016,320,15/11/2016,November,1.49,20.37
2016,321,16/11/2016,November,4.09,19.22
2016,322,17/11/2016,November,5.54,18.06
2016,323,18/11/2016,November,3.56,19.06
2016,324,19/11/2016,November,3.84,17.49
2016,325,20/11/2016,November,1.95,19.7
2016,326,21/11/2016,November,1.67,20.32
2016,327,22/11/2016,November,0.94,20.11
2016,328,23/11/2016,November,3.47,19.92
2016,329,24/11/2016,November,9.83,18.99
2016,330,25/11/2016,November,4.61,19.6
2016,331,26/11/2016,November,6.84,17.2
2016,332,27/11/2016,November,6.68,18.9
2016,333,28/11/2016,November,0.97,20.3
2016,334,29/11/2016,November,0.89,20.43
2016,335,30/11/2016,November,0.31,20.66
2016,336,01/12/2016,December,0.19,20.72
2016,337,02/12/2016,December,0.46,20.32
2016,338,03/12/2016,December,0.42,18.88
2016,339,04/12/2016,December,1.76,19.92
2016,340,05/12/2016,December,0.3,20.4
2016,341,06/12/2016,December,0.05,20.77
2016,342,07/12/2016,December,0.31,20.82
2016,343,08/12/2016,December,0.88,20.14
2016,344,09/12/2016,December,0.27,20.88
2016,345,10/12/2016,December,0.18,20.9
2016,346,11/12/2016,December,0.45,20.87
2016,347,12/12/2016,December,0.52,20.88
2016,348,13/12/2016,December,0.15,20.88
2016,349,14/12/2016,December,0.07,20.62
2016,350,15/12/2016,December,0.07,21.2
2016,351,16/12/2016,December,0.34,21.32
2016,352,17/12/2016,December,0.2,21.35
2016,353,18/12/2016,December,0.01,21.47
2016,354,19/12/2016,December,0,21.05
2016,355,20/12/2016,December,0,21.04
2016,356,21/12/2016,December,0.05,21.54
2016,357,22/12/2016,December,0.24,21.46
2016,358,23/12/2016,December,0.06,20.99
2016,359,24/12/2016,December,0.03,20.73
2016,360,25/12/2016,December,0.21,21.23
2016,361,26/12/2016,December,1.05,20.58
2016,362,27/12/2016,December,0.625,21.53
2016,363,28/12/2016,December,0.2,21.84
2016,364,29/12/2016,December,0.26,21.54
2016,365,30/12/2016,December,1.13,20.34
2016,366,31/12/2016,December,0.85,19.49
2017,1,01/01/2017,January,0.78,20.76
2017,2,02/01/2017,January,0.84,20.57
2017,3,03/01/2017,January,0.03,22.17
2017,4,04/01/2017,January,0,22
2017,5,05/01/2017,January,0,21.3
2017,6,06/01/2017,January,0,21.32
2017,7,07/01/2017,January,0,21.96
2017,8,08/01/2017,January,0,22.31
2017,9,09/01/2017,January,0,21.98
2017,10,10/01/2017,January,0,22.42
2017,11,11/01/2017,January,0,22.33
2017,12,12/01/2017,January,0,21.58
2017,13,13/01/2017,January,0,21.5
2017,14,14/01/2017,January,0.54,22.33
2017,15,15/01/2017,January,2.75,22.71
2017,16,16/01/2017,January,0.3,22.33
2017,17,17/01/2017,January,0.01,21.59
2017,18,18/01/2017,January,0.01,22.06
2017,19,19/01/2017,January,0,22.43
2017,20,20/01/2017,January,1,22.46
2017,21,21/01/2017,January,0.3,23.17
2017,22,22/01/2017,January,0.04,23.3
2017,23,23/01/2017,January,0.01,22.7
2017,24,24/01/2017,January,0.06,22.7
2017,25,25/01/2017,January,0.98,22.81
2017,26,26/01/2017,January,0.15,23.45
2017,27,27/01/2017,January,1.46,22.53
2017,28,28/01/2017,January,3.15,21.39
2017,29,29/01/2017,January,3.53,20.64
2017,30,30/01/2017,January,0.86,21.93
2017,31,31/01/2017,January,6.83,19.86
2017,32,01/02/2017,February,5.64,20.55
2017,33,02/02/2017,February,1.16,22.48
2017,34,03/02/2017,February,0.89,22.68
2017,35,04/02/2017,February,0.43,22.39
2017,36,05/02/2017,February,0.25,22.23
2017,37,06/02/2017,February,0.29,22.17
2017,38,07/02/2017,February,0.06,23.1
2017,39,08/02/2017,February,0.25,23.26
2017,40,09/02/2017,February,0.03,23.49
2017,41,10/02/2017,February,0,23.16
2017,42,11/02/2017,February,0,23.02
2017,43,12/02/2017,February,0,23.6
2017,44,13/02/2017,February,0,23.69
2017,45,14/02/2017,February,0.01,23.46
2017,46,15/02/2017,February,0.05,23.04
2017,47,16/02/2017,February,0.76,22.96
2017,48,17/02/2017,February,3.38,21.75
2017,49,18/02/2017,February,1.24,22.91
2017,50,19/02/2017,February,3.38,21.12
2017,51,20/02/2017,February,2.11,22.05
2017,52,21/02/2017,February,2.57,21.82
2017,53,22/02/2017,February,3.77,21.16
2017,54,23/02/2017,February,2.78,19.48
2017,55,24/02/2017,February,10.69,20.32
2017,56,25/02/2017,February,7.53,21.19
2017,57,26/02/2017,February,2.1,22.07
2017,58,27/02/2017,February,3.89,20.47
2017,59,28/02/2017,February,1.01,21.29
2017,60,01/03/2017,March,0.69,22.09
2017,61,02/03/2017,March,0.32,22.34
2017,62,03/03/2017,March,7.85,20.73
2017,63,04/03/2017,March,6.58,20.89
2017,64,05/03/2017,March,0.45,22.25
2017,65,06/03/2017,March,0.14,22.57
2017,66,07/03/2017,March,0.38,22.65
2017,67,08/03/2017,March,0.47,22.89
2017,68,09/03/2017,March,0.72,22.25
2017,69,10/03/2017,March,0.21,22.3
2017,70,11/03/2017,March,0,23.37
2017,71,12/03/2017,March,0.18,22.71
2017,72,13/03/2017,March,0.18,23.22
2017,73,14/03/2017,March,0.15,23.48
2017,74,15/03/2017,March,2.48,23.11
2017,75,16/03/2017,March,10.39,21.04
2017,76,17/03/2017,March,1.45,19.14
2017,77,18/03/2017,March,0.52,21.89
2017,78,19/03/2017,March,4.7,22.04
2017,79,20/03/2017,March,0.2,22.23
2017,80,21/03/2017,March,0.18,22.93
2017,81,22/03/2017,March,0.5,22.74
2017,82,23/03/2017,March,0.72,22.46
2017,83,24/03/2017,March,1.23,22.97
2017,84,25/03/2017,March,1.61,21.67
2017,85,26/03/2017,March,10.72,21.42
2017,86,27/03/2017,March,19.33,18.99
2017,87,28/03/2017,March,3.72,21.14
2017,88,29/03/2017,March,0.55,21.11
2017,89,30/03/2017,March,1.33,21.61
2017,90,31/03/2017,March,1.17,21.75
2017,91,01/04/2017,April,0.36,21.73
2017,92,02/04/2017,April,0.2,21.94
2017,93,03/04/2017,April,0.62,21.55
2017,94,04/04/2017,April,1.58,21.41
2017,95,05/04/2017,April,2.52,20.88
2017,96,06/04/2017,April,3.33,20.71
2017,97,07/04/2017,April,3.73,20.01
2017,98,08/04/2017,April,5.14,19.58
2017,99,09/04/2017,April,1.09,21.18
2017,100,10/04/2017,April,3.65,20.6
2017,101,11/04/2017,April,1.39,21.19
2017,102,12/04/2017,April,0.14,21.41
2017,103,13/04/2017,April,0,21.9
2017,104,14/04/2017,April,0,21.4
2017,105,15/04/2017,April,0.01,22.1
2017,106,16/04/2017,April,1.97,20.64
2017,107,17/04/2017,April,1.69,21.04
2017,108,18/04/2017,April,15.51,18.27
2017,109,19/04/2017,April,7.67,19.66
2017,110,20/04/2017,April,5.44,19.78
2017,111,21/04/2017,April,1.43,20.95
2017,112,22/04/2017,April,0.88,20.9
2017,113,23/04/2017,April,3.81,20.64
2017,114,24/04/2017,April,1.09,21.09
2017,115,25/04/2017,April,0.99,20.32
2017,116,26/04/2017,April,0.56,20.8
2017,117,27/04/2017,April,1.89,20.77
2017,118,28/04/2017,April,1.63,20.78
2017,119,29/04/2017,April,3.81,19.19
2017,120,30/04/2017,April,11.85,18.6
2017,121,01/05/2017,May,18.16,18.31
2017,122,02/05/2017,May,4.91,18.59
2017,123,03/05/2017,May,7.98,18.51
2017,124,04/05/2017,May,3.96,19.1
2017,125,05/05/2017,May,4.87,18.79
2017,126,06/05/2017,May,2.1,18.65
2017,127,07/05/2017,May,1.25,19.21
2017,128,08/05/2017,May,3.98,19.43
2017,129,09/05/2017,May,7.72,18.69
2017,130,10/05/2017,May,2.83,18.65
2017,131,11/05/2017,May,15.43,19.56
2017,132,12/05/2017,May,7.18,18.7
2017,133,13/05/2017,May,2.09,18.8
2017,134,14/05/2017,May,0.65,18.42
2017,135,15/05/2017,May,0.32,19.12
2017,136,16/05/2017,May,0.46,19.47
2017,137,17/05/2017,May,1.04,18.87
2017,138,18/05/2017,May,0.48,19.2
2017,139,19/05/2017,May,0.13,18.95
2017,140,20/05/2017,May,0.12,18.63
2017,141,21/05/2017,May,0.28,19.04
2017,142,22/05/2017,May,0.37,18.8
2017,143,23/05/2017,May,0.21,18.54
2017,144,24/05/2017,May,0.11,19.18
2017,145,25/05/2017,May,0.12,19.71
2017,146,26/05/2017,May,0.59,19.71
2017,147,27/05/2017,May,3.73,19.63
2017,148,28/05/2017,May,10.33,18.68
2017,149,29/05/2017,May,13.68,17.92
2017,150,30/05/2017,May,4.59,18.02
2017,151,31/05/2017,May,0.74,18.61
2017,152,01/06/2017,June,2.63,18.42
2017,153,02/06/2017,June,2.41,18.75
2017,154,03/06/2017,June,2.35,19.31
2017,155,04/06/2017,June,1.58,19.38
2017,156,05/06/2017,June,1.61,18.68
2017,157,06/06/2017,June,0.5,18.38
2017,158,07/06/2017,June,0.3,19.57
2017,159,08/06/2017,June,3.27,19.17
2017,160,09/06/2017,June,6.98,18.05
2017,161,10/06/2017,June,0.23,18.74
2017,162,11/06/2017,June,0.08,18.08
2017,163,12/06/2017,June,0.17,18.5
2017,164,13/06/2017,June,0.1,18.75
2017,165,14/06/2017,June,0.45,19.02
2017,166,15/06/2017,June,0.34,18.85
2017,167,16/06/2017,June,0.47,18.32
2017,168,17/06/2017,June,0.51,18.37
2017,169,18/06/2017,June,0.44,18.77
2017,170,19/06/2017,June,0.37,18.06
2017,171,20/06/2017,June,0.27,18.82
2017,172,21/06/2017,June,1.59,19.01
2017,173,22/06/2017,June,0.87,19.21
2017,174,23/06/2017,June,0.27,18.94
2017,175,24/06/2017,June,0.03,18.37
2017,176,25/06/2017,June,0.17,19.22
2017,177,26/06/2017,June,0.27,18.64
2017,178,27/06/2017,June,0.3,17.99
2017,179,28/06/2017,June,0.6,18.21
2017,180,29/06/2017,June,2.17,17.75
2017,181,30/06/2017,June,1.38,17.83
2017,182,01/07/2017,July,1,18.77
2017,183,02/07/2017,July,3.01,18.72
2017,184,03/07/2017,July,2.2,18.05
2017,185,04/07/2017,July,1.17,17.13
2017,186,05/07/2017,July,0.53,17.76
2017,187,06/07/2017,July,0.16,16.44
2017,188,07/07/2017,July,0.03,17.49
2017,189,08/07/2017,July,0.01,17.75
2017,190,09/07/2017,July,0.01,18.47
2017,191,10/07/2017,July,2.54,18.97
2017,192,11/07/2017,July,3.29,19
2017,193,12/07/2017,July,1.87,18.91
2017,194,13/07/2017,July,0.43,19.3
2017,195,14/07/2017,July,5,19.22
2017,196,15/07/2017,July,7.82,18.19
2017,197,16/07/2017,July,5.83,18.41
2017,198,17/07/2017,July,2.06,18.54
2017,199,18/07/2017,July,0.29,18.74
2017,200,19/07/2017,July,0.06,18.43
2017,201,20/07/2017,July,0.16,19.08
2017,202,21/07/2017,July,1.69,19.37
2017,203,22/07/2017,July,3.38,18.29
2017,204,23/07/2017,July,1.1,18.31
2017,205,24/07/2017,July,2.41,18.07
2017,206,25/07/2017,July,0.57,17.73
2017,207,26/07/2017,July,8.4,18.41
2017,208,27/07/2017,July,1.38,19.08
2017,209,28/07/2017,July,0.63,19.01
2017,210,29/07/2017,July,1.05,17.85
2017,211,30/07/2017,July,1.94,17.22
2017,212,31/07/2017,July,0.95,18.37
2017,213,01/08/2017,August,0.74,17.97
2017,214,02/08/2017,August,0.92,17.54
2017,215,03/08/2017,August,0.76,17.88
2017,216,04/08/2017,August,0.88,18.78
2017,217,05/08/2017,August,1.34,18.67
2017,218,06/08/2017,August,0.32,19.4
2017,219,07/08/2017,August,0.48,19.53
2017,220,08/08/2017,August,0.4,19.01
2017,221,09/08/2017,August,0.27,19.21
2017,222,10/08/2017,August,0.58,18.82
2017,223,11/08/2017,August,0.69,17.39
2017,224,12/08/2017,August,1.01,18.68
2017,225,13/08/2017,August,0.46,18.35
2017,226,14/08/2017,August,3.86,17.67
2017,227,15/08/2017,August,4.05,18.42
2017,228,16/08/2017,August,1.07,18.59
2017,229,17/08/2017,August,0.29,20.07
2017,230,18/08/2017,August,0.42,20
2017,231,19/08/2017,August,0.27,19.84
2017,232,20/08/2017,August,0.12,19.97
2017,233,21/08/2017,August,0.2,19.81
2017,234,22/08/2017,August,0.54,19.05
2017,235,23/08/2017,August,3.55,20.25
2017,236,24/08/2017,August,4.45,18.21
2017,237,25/08/2017,August,0.12,19.18
2017,238,26/08/2017,August,0.57,19.69
2017,239,27/08/2017,August,0.22,19.8
2017,240,28/08/2017,August,0.38,19.34
2017,241,29/08/2017,August,1.9,19.6
2017,242,30/08/2017,August,5.91,19.03
2017,243,31/08/2017,August,2.04,19
2017,244,01/09/2017,September,9.03,18.29
2017,245,02/09/2017,September,0.31,18.67
2017,246,03/09/2017,September,2.46,18.27
2017,247,04/09/2017,September,3.39,18.03
2017,248,05/09/2017,September,1.9,18.93
2017,249,06/09/2017,September,3.9,17.96
2017,250,07/09/2017,September,0.91,18.79
2017,251,08/09/2017,September,1.8,18.02
2017,252,09/09/2017,September,0.53,19.53
2017,253,10/09/2017,September,1.4,18.47
2017,254,11/09/2017,September,1.73,20.19
2017,255,12/09/2017,September,1.03,19.56
2017,256,13/09/2017,September,4.32,18.01
2017,257,14/09/2017,September,4.9,18.38
2017,258,15/09/2017,September,4.19,19.04
2017,259,16/09/2017,September,3.07,20.2
2017,260,17/09/2017,September,10.99,18.64
2017,261,18/09/2017,September,1.27,20.02
2017,262,19/09/2017,September,0.13,19.22
2017,263,20/09/2017,September,1.13,19.47
2017,264,21/09/2017,September,1.4,19.22
2017,265,22/09/2017,September,0.38,18.76
2017,266,23/09/2017,September,0.79,19.17
2017,267,24/09/2017,September,2.45,19.16
2017,268,25/09/2017,September,2.3,19.64
2017,269,26/09/2017,September,1.17,19.35
2017,270,27/09/2017,September,0.37,20.67
2017,271,28/09/2017,September,0.28,20.47
2017,272,29/09/2017,September,1.86,19.82
2017,273,30/09/2017,September,3.5,18.93
2017,274,01/10/2017,October,1.14,20.35
2017,275,02/10/2017,October,0.46,20.28
2017,276,03/10/2017,October,0.01,20.58
2017,277,04/10/2017,October,0,20.08
2017,278,05/10/2017,October,0.01,20.78
2017,279,06/10/2017,October,0,20.85
2017,280,07/10/2017,October,0.01,21.26
2017,281,08/10/2017,October,0.43,21.63
2017,282,09/10/2017,October,3.15,21.68
2017,283,10/10/2017,October,3.44,21.3
2017,284,11/10/2017,October,4.34,20.7
2017,285,12/10/2017,October,6.69,19.42
2017,286,13/10/2017,October,11.16,18.9
2017,287,14/10/2017,October,4.78,17.58
2017,288,15/10/2017,October,0.07,19.61
2017,289,16/10/2017,October,1.33,20.93
2017,290,17/10/2017,October,6.37,19.82
2017,291,18/10/2017,October,2.84,20.2
2017,292,19/10/2017,October,7.77,19.05
2017,293,20/10/2017,October,11.91,19.67
2017,294,21/10/2017,October,2.49,19.61
2017,295,22/10/2017,October,0.02,19.55
2017,296,23/10/2017,October,0.75,19.13
2017,297,24/10/2017,October,0.63,20.01
2017,298,25/10/2017,October,4.01,20.11
2017,299,26/10/2017,October,8.07,19.77
2017,300,27/10/2017,October,1.58,20.45
2017,301,28/10/2017,October,0.55,20.99
2017,302,29/10/2017,October,1.45,20.44
2017,303,30/10/2017,October,0.22,20.11
2017,304,31/10/2017,October,0.02,19.91
2017,305,01/11/2017,November,0.6,19.61
2017,306,02/11/2017,November,2.15,19.73
2017,307,03/11/2017,November,3.13,19.7
2017,308,04/11/2017,November,6.69,19.45
2017,309,05/11/2017,November,12.27,18.06
2017,310,06/11/2017,November,15.19,18.76
2017,311,07/11/2017,November,12.64,18.58
2017,312,08/11/2017,November,29.6,19.25
2017,313,09/11/2017,November,6.72,19
2017,314,10/11/2017,November,4.81,19.24
2017,315,11/11/2017,November,0.85,19.61
2017,316,12/11/2017,November,2.1,19.57
2017,317,13/11/2017,November,1.09,19.4
2017,318,14/11/2017,November,5.07,18.59
2017,319,15/11/2017,November,1.44,19.14
2017,320,16/11/2017,November,2.67,19.74
2017,321,17/11/2017,November,0.2,19.91
2017,322,18/11/2017,November,0.11,19.85
2017,323,19/11/2017,November,0.4,19.7
2017,324,20/11/2017,November,0.54,19.51
2017,325,21/11/2017,November,0.6,19.99
2017,326,22/11/2017,November,7.94,18.71
2017,327,23/11/2017,November,8.83,18.29
2017,328,24/11/2017,November,3.48,18.29
2017,329,25/11/2017,November,3.17,19.23
2017,330,26/11/2017,November,1.56,19.84
2017,331,27/11/2017,November,0.08,19.68
2017,332,28/11/2017,November,0.37,20.21
2017,333,29/11/2017,November,1.8,20.44
2017,334,30/11/2017,November,8.41,20.08
2017,335,01/12/2017,December,9.62,19.45
2017,336,02/12/2017,December,0.83,19.59
2017,337,03/12/2017,December,0.14,20.33
2017,338,04/12/2017,December,0.05,20.38
2017,339,05/12/2017,December,1.61,20.04
2017,340,06/12/2017,December,6.47,19.77
2017,341,07/12/2017,December,3.05,20.25
2017,342,08/12/2017,December,11,19.11
2017,343,09/12/2017,December,5.67,19.34
2017,344,10/12/2017,December,1.46,19.55
2017,345,11/12/2017,December,1.41,19.6
2017,346,12/12/2017,December,0.4,20.17
2017,347,13/12/2017,December,0,19.8
2017,348,14/12/2017,December,0.01,19.93
2017,349,15/12/2017,December,0.03,20.48
2017,350,16/12/2017,December,0.15,20.58
2017,351,17/12/2017,December,0.16,20.62
2017,352,18/12/2017,December,0.14,20.81
2017,353,19/12/2017,December,1,19.92
2017,354,20/12/2017,December,0.23,19.76
2017,355,21/12/2017,December,0.04,19.74
2017,356,22/12/2017,December,0,19.87
2017,357,23/12/2017,December,0,19.62
2017,358,24/12/2017,December,0.02,20.22
2017,359,25/12/2017,December,0.05,19.69
2017,360,26/12/2017,December,0,20.38
2017,361,27/12/2017,December,0.02,20.65
2017,362,28/12/2017,December,0.06,21.21
2017,363,29/12/2017,December,0.2,21.65
2017,364,30/12/2017,December,0.28,21.66
2017,365,31/12/2017,December,1.35,19.95
2018,1,01/01/2018,January,0.55,19.26
2018,2,02/01/2018,January,2.66,18.51
2018,3,03/01/2018,January,5.44,18.13
2018,4,04/01/2018,January,1.8,17.63
2018,5,05/01/2018,January,0.17,18.31
2018,6,06/01/2018,January,1.81,18.63
2018,7,07/01/2018,January,1.38,18.31
2018,8,08/01/2018,January,0.51,18.76
2018,9,09/01/2018,January,0.36,18.58
2018,10,10/01/2018,January,0.76,18.84
2018,11,11/01/2018,January,9.15,18.08
2018,12,12/01/2018,January,1.13,19.18
2018,13,13/01/2018,January,3.08,19.54
2018,14,14/01/2018,January,2.66,19.35
2018,15,15/01/2018,January,0.48,19.84
2018,16,16/01/2018,January,0.03,19.83
2018,17,17/01/2018,January,0.28,20.43
2018,18,18/01/2018,January,0.39,20.24
2018,19,19/01/2018,January,0.49,20.45
2018,20,20/01/2018,January,0.66,21.3
2018,21,21/01/2018,January,0.09,21.31
2018,22,22/01/2018,January,0.43,20.92
2018,23,23/01/2018,January,0.05,21.12
2018,24,24/01/2018,January,0.38,20.66
2018,25,25/01/2018,January,2.49,20.99
2018,26,26/01/2018,January,4.23,19.5
2018,27,27/01/2018,January,0.44,20.48
2018,28,28/01/2018,January,0.02,21.47
2018,29,29/01/2018,January,0.01,22.07
2018,30,30/01/2018,January,0.05,22.06
2018,31,31/01/2018,January,0.15,21.71
2018,32,01/02/2018,February,0.01,22.3
2018,33,02/02/2018,February,0,22.43
2018,34,03/02/2018,February,0,22.08
2018,35,04/02/2018,February,0,22.44
2018,36,05/02/2018,February,0.9,22.87
2018,37,06/02/2018,February,5.56,22.4
2018,38,07/02/2018,February,0.06,21.86
2018,39,08/02/2018,February,0,21.95
2018,40,09/02/2018,February,0,21.48
2018,41,10/02/2018,February,0,21.41
2018,42,11/02/2018,February,0.05,22.01
2018,43,12/02/2018,February,0.02,22.36
2018,44,13/02/2018,February,0.01,22.28
2018,45,14/02/2018,February,0.2,22.06
2018,46,15/02/2018,February,0.01,22.74
2018,47,16/02/2018,February,0,22.79
2018,48,17/02/2018,February,0,22.97
2018,49,18/02/2018,February,0,22.47
2018,50,19/02/2018,February,0.01,23.33
2018,51,20/02/2018,February,28.08,20.73
2018,52,21/02/2018,February,4.97,21.01
2018,53,22/02/2018,February,4.15,21.39
2018,54,23/02/2018,February,1.42,22.09
2018,55,24/02/2018,February,0.6,22.35
2018,56,25/02/2018,February,0.72,21.94
2018,57,26/02/2018,February,0.14,22.74
2018,58,27/02/2018,February,0.52,22.39
2018,59,28/02/2018,February,6.21,20.49
2018,60,01/03/2018,March,27.1,17.33
2018,61,02/03/2018,March,4.61,17.8
2018,62,03/03/2018,March,6.96,17.22
2018,63,04/03/2018,March,6.98,16.15
2018,64,05/03/2018,March,3.87,17.81
2018,65,06/03/2018,March,15.65,17.22
2018,66,07/03/2018,March,4.66,17.97
2018,67,08/03/2018,March,0.95,20.31
2018,68,09/03/2018,March,3.17,19.46
2018,69,10/03/2018,March,9.27,18.92
2018,70,11/03/2018,March,11.99,18.4
2018,71,12/03/2018,March,6.8,18.21
2018,72,13/03/2018,March,6.65,18.06
2018,73,14/03/2018,March,11.42,18.31
2018,74,15/03/2018,March,7.56,18.21
2018,75,16/03/2018,March,12.44,17.32
2018,76,17/03/2018,March,6.33,18.22
2018,77,18/03/2018,March,13.39,18.39
2018,78,19/03/2018,March,18.39,18.01
2018,79,20/03/2018,March,16.66,17.99
2018,80,21/03/2018,March,2.86,18.24
2018,81,22/03/2018,March,2.72,18.65
2018,82,23/03/2018,March,1.91,19.19
2018,83,24/03/2018,March,0.7,19.3
2018,84,25/03/2018,March,12.05,18.7
2018,85,26/03/2018,March,11.82,18.98
2018,86,27/03/2018,March,4.61,19.29
2018,87,28/03/2018,March,3.51,18.98
2018,88,29/03/2018,March,2.6,18.53
2018,89,30/03/2018,March,2.63,18.58
2018,90,31/03/2018,March,5.79,19.21
2018,91,01/04/2018,April,22.28,18.26
2018,92,02/04/2018,April,7.73,18.48
2018,93,03/04/2018,April,14.49,17.95
2018,94,04/04/2018,April,5.59,18.01
2018,95,05/04/2018,April,0.59,17.24
2018,96,06/04/2018,April,2.88,18.09
2018,97,07/04/2018,April,2.79,18.16
2018,98,08/04/2018,April,4.27,18.16
2018,99,09/04/2018,April,5.81,18.06
2018,100,10/04/2018,April,20.12,18.64
2018,101,11/04/2018,April,13.83,18.19
2018,102,12/04/2018,April,16.3,17.74
2018,103,13/04/2018,April,28.76,16.81
2018,104,14/04/2018,April,9.21,17.16
2018,105,15/04/2018,April,18.47,16.19
2018,106,16/04/2018,April,9.45,17.05
2018,107,17/04/2018,April,7.46,16.14
2018,108,18/04/2018,April,8.8,17.05
2018,109,19/04/2018,April,5.08,17.43
2018,110,20/04/2018,April,2.83,17.67
2018,111,21/04/2018,April,10.87,17.97
2018,112,22/04/2018,April,3.69,16.97
2018,113,23/04/2018,April,5.69,17.97
2018,114,24/04/2018,April,7.4,17.59
2018,115,25/04/2018,April,21.65,17.63
2018,116,26/04/2018,April,43.79,17.77
2018,117,27/04/2018,April,30.41,17.07
2018,118,28/04/2018,April,19.28,17.73
2018,119,29/04/2018,April,4.15,17.62
2018,120,30/04/2018,April,1.6,17.31
2018,121,01/05/2018,May,9.8,17.21
2018,122,02/05/2018,May,4.88,16.44
2018,123,03/05/2018,May,2.25,16.88
2018,124,04/05/2018,May,6.95,17.96
2018,125,05/05/2018,May,5.07,18.09
2018,126,06/05/2018,May,2.64,17.52
2018,127,07/05/2018,May,2.75,17.63
2018,128,08/05/2018,May,6.92,17.69
2018,129,09/05/2018,May,5.53,17.57
2018,130,10/05/2018,May,4.14,17.52
2018,131,11/05/2018,May,9.55,17.61
2018,132,12/05/2018,May,4.61,17.75
2018,133,13/05/2018,May,2.96,18.68
2018,134,14/05/2018,May,42.92,18.08
2018,135,15/05/2018,May,16.05,17.65
2018,136,16/05/2018,May,9.55,17.53
2018,137,17/05/2018,May,0.43,17.42
2018,138,18/05/2018,May,2.8,17.29
2018,139,19/05/2018,May,6.82,17.31
2018,140,20/05/2018,May,6.45,16.64
2018,141,21/05/2018,May,10.98,16.76
2018,142,22/05/2018,May,7.27,16.64
2018,143,23/05/2018,May,2.67,16.89
2018,144,24/05/2018,May,0.76,16.75
2018,145,25/05/2018,May,1.16,16.54
2018,146,26/05/2018,May,2.38,16.59
2018,147,27/05/2018,May,1.32,17.25
2018,148,28/05/2018,May,0.31,16.34
2018,149,29/05/2018,May,0.27,15.38
2018,150,30/05/2018,May,0.57,16.15
2018,151,31/05/2018,May,1.97,17.4
2018,152,01/06/2018,June,1.37,17.52
2018,153,02/06/2018,June,3.78,17.91
2018,154,03/06/2018,June,2.62,18.15
2018,155,04/06/2018,June,5.36,18.01
2018,156,05/06/2018,June,4.25,16.08
2018,157,06/06/2018,June,0.71,16.02
2018,158,07/06/2018,June,1.16,16.09
2018,159,08/06/2018,June,1.34,16.24
2018,160,09/06/2018,June,2.58,17.24
2018,161,10/06/2018,June,0.87,17.24
2018,162,11/06/2018,June,0.02,16.44
2018,163,12/06/2018,June,0.1,15.91
2018,164,13/06/2018,June,0.43,16.64
2018,165,14/06/2018,June,1.04,16.73
2018,166,15/06/2018,June,1.83,17.3
2018,167,16/06/2018,June,3,17.83
2018,168,17/06/2018,June,1.6,17.7
2018,169,18/06/2018,June,2.94,16.55
2018,170,19/06/2018,June,4.32,16.48
2018,171,20/06/2018,June,5.91,16.4
2018,172,21/06/2018,June,1.09,16.48
2018,173,22/06/2018,June,0.09,16.25
2018,174,23/06/2018,June,0.47,16.93
2018,175,24/06/2018,June,3.53,16.92
2018,176,25/06/2018,June,5.61,16.22
2018,177,26/06/2018,June,1.51,15.74
2018,178,27/06/2018,June,1.11,15.78
2018,179,28/06/2018,June,0.14,15.58
2018,180,29/06/2018,June,8.53,16.26
2018,181,30/06/2018,June,2.8,16.13
2018,182,01/07/2018,July,0.35,16.73
2018,183,02/07/2018,July,1.21,16.69
2018,184,03/07/2018,July,1.14,16.33
2018,185,04/07/2018,July,1.89,15.98
2018,186,05/07/2018,July,0.52,14.88
2018,187,06/07/2018,July,0.14,14.25
2018,188,07/07/2018,July,0.2,15
2018,189,08/07/2018,July,0.56,15.45
2018,190,09/07/2018,July,1.06,15.54
2018,191,10/07/2018,July,0.82,16.28
2018,192,11/07/2018,July,0.88,16.12
2018,193,12/07/2018,July,0.32,16.1
2018,194,13/07/2018,July,1.19,16.91
2018,195,14/07/2018,July,1.47,16.44
2018,196,15/07/2018,July,0.06,16.18
2018,197,16/07/2018,July,0.01,15.03
2018,198,17/07/2018,July,0.01,15.85
2018,199,18/07/2018,July,0.03,15.69
2018,200,19/07/2018,July,0.04,15.94
2018,201,20/07/2018,July,0.14,16.06
2018,202,21/07/2018,July,0.25,16.31
2018,203,22/07/2018,July,0.29,16.4
2018,204,23/07/2018,July,0.28,15.76
2018,205,24/07/2018,July,0.59,15.26
2018,206,25/07/2018,July,1.49,15.62
2018,207,26/07/2018,July,1.36,16.33
2018,208,27/07/2018,July,5.1,16.59
2018,209,28/07/2018,July,5.05,16.27
2018,210,29/07/2018,July,1.02,17.5
2018,211,30/07/2018,July,4.78,18.1
2018,212,31/07/2018,July,27.11,16.84
2018,213,01/08/2018,August,15.04,16.96
2018,214,02/08/2018,August,14.38,17.69
2018,215,03/08/2018,August,0.52,16.81
2018,216,04/08/2018,August,0.73,16.03
2018,217,05/08/2018,August,1.14,15.55
2018,218,06/08/2018,August,4.5,16.36
2018,219,07/08/2018,August,0.06,15.21
2018,220,08/08/2018,August,0.03,15.27
2018,221,09/08/2018,August,0.14,16.06
2018,222,10/08/2018,August,1.62,16.74
2018,223,11/08/2018,August,1.91,15.68
2018,224,12/08/2018,August,0.58,15.73
2018,225,13/08/2018,August,0.26,14.86
2018,226,14/08/2018,August,0.11,16.79
2018,227,15/08/2018,August,0.82,15.72
2018,228,16/08/2018,August,3.19,16.06
2018,229,17/08/2018,August,7.9,15.92
2018,230,18/08/2018,August,6.14,17.1
2018,231,19/08/2018,August,0.81,17.45
2018,232,20/08/2018,August,0.31,17.2
2018,233,21/08/2018,August,0.85,17.89
2018,234,22/08/2018,August,2.33,17.16
2018,235,23/08/2018,August,2.7,18.08
2018,236,24/08/2018,August,4.51,17.43
2018,237,25/08/2018,August,3.51,17.33
2018,238,26/08/2018,August,3.96,18.58
2018,239,27/08/2018,August,6.27,17.2
2018,240,28/08/2018,August,14.82,17.07
2018,241,29/08/2018,August,3.62,16.05
2018,242,30/08/2018,August,0.85,16.93
2018,243,31/08/2018,August,0.95,17.52
2018,244,01/09/2018,September,1.18,18.19
2018,245,02/09/2018,September,3.5,17.6
2018,246,03/09/2018,September,4.82,17.03
2018,247,04/09/2018,September,2.48,17.25
2018,248,05/09/2018,September,0.5,17.58
2018,249,06/09/2018,September,0.33,17.76
2018,250,07/09/2018,September,0.09,18.21
2018,251,08/09/2018,September,0.21,18.6
2018,252,09/09/2018,September,0.01,18.5
2018,253,10/09/2018,September,0.32,19.27
2018,254,11/09/2018,September,0.16,19.13
2018,255,12/09/2018,September,0.1,18.7
2018,256,13/09/2018,September,0.66,18.94
2018,257,14/09/2018,September,0.73,19.54
2018,258,15/09/2018,September,0.04,19.26
2018,259,16/09/2018,September,0,18.96
2018,260,17/09/2018,September,0.21,19.16
2018,261,18/09/2018,September,0.11,19.25
2018,262,19/09/2018,September,1.87,18.92
2018,263,20/09/2018,September,0.51,18.87
2018,264,21/09/2018,September,0.46,19.43
2018,265,22/09/2018,September,1.06,19.32
2018,266,23/09/2018,September,1.24,19.05
2018,267,24/09/2018,September,0.11,19.39
2018,268,25/09/2018,September,0.43,19.52
2018,269,26/09/2018,September,0.27,20.22
2018,270,27/09/2018,September,1.36,19.38
2018,271,28/09/2018,September,0.41,19.88
2018,272,29/09/2018,September,0.33,20.07
2018,273,30/09/2018,September,0.02,19.33
2018,274,01/10/2018,October,0.01,18.64
2018,275,02/10/2018,October,0.44,19.01
2018,276,03/10/2018,October,1.08,20.15
2018,277,04/10/2018,October,0.86,20.25
2018,278,05/10/2018,October,0.21,20.38
2018,279,06/10/2018,October,1.7,20.69
2018,280,07/10/2018,October,1.12,20.78
2018,281,08/10/2018,October,6.98,19.67
2018,282,09/10/2018,October,3.26,18.6
2018,283,10/10/2018,October,0.41,19.4
2018,284,11/10/2018,October,0.22,20.09
2018,285,12/10/2018,October,0.54,19.3
2018,286,13/10/2018,October,0.3,20.63
2018,287,14/10/2018,October,0.71,20.4
2018,288,15/10/2018,October,0.52,20.58
2018,289,16/10/2018,October,0.38,20.7
2018,290,17/10/2018,October,1.35,20.33
2018,291,18/10/2018,October,3.52,19.99
2018,292,19/10/2018,October,1.13,19.2
2018,293,20/10/2018,October,0.65,20.49
2018,294,21/10/2018,October,0.19,20.22
2018,295,22/10/2018,October,0.31,19.37
2018,296,23/10/2018,October,0.79,18.51
2018,297,24/10/2018,October,0.43,19.1
2018,298,25/10/2018,October,1.32,19.05
2018,299,26/10/2018,October,1.69,19.67
2018,300,27/10/2018,October,0.71,20.02
2018,301,28/10/2018,October,0.73,19.63
2018,302,29/10/2018,October,4.75,19.81
2018,303,30/10/2018,October,1.41,18.14
2018,304,31/10/2018,October,0.64,20.44
2018,305,01/11/2018,November,6,20.61
2018,306,02/11/2018,November,12.05,19.06
2018,307,03/11/2018,November,0.93,20.11
2018,308,04/11/2018,November,0.3,19.92
2018,309,05/11/2018,November,0.59,19.9
2018,310,06/11/2018,November,0.06,20.37
2018,311,07/11/2018,November,0.01,20.9
2018,312,08/11/2018,November,0.12,21.46
2018,313,09/11/2018,November,0.67,21.08
2018,314,10/11/2018,November,2.81,21
2018,315,11/11/2018,November,7.34,19.27
2018,316,12/11/2018,November,4.36,20.61
2018,317,13/11/2018,November,0.25,20.74
2018,318,14/11/2018,November,0.48,21.06
2018,319,15/11/2018,November,0.59,21.31
2018,320,16/11/2018,November,0.26,20.68
2018,321,17/11/2018,November,0.51,20.72
2018,322,18/11/2018,November,1.21,20.59
2018,323,19/11/2018,November,7.42,20.49
2018,324,20/11/2018,November,16.09,19.49
2018,325,21/11/2018,November,10.06,19.74
2018,326,22/11/2018,November,14.09,19.26
2018,327,23/11/2018,November,2.82,19.1
2018,328,24/11/2018,November,1.12,20.08
2018,329,25/11/2018,November,0.96,19.9
2018,330,26/11/2018,November,0.68,19.77
2018,331,27/11/2018,November,0.92,19.81
2018,332,28/11/2018,November,1.22,20.33
2018,333,29/11/2018,November,0.6,20.83
2018,334,30/11/2018,November,0.14,20.44
2018,335,01/12/2018,December,1.61,19.79
2018,336,02/12/2018,December,2.61,19.74
2018,337,03/12/2018,December,5.78,19.91
2018,338,04/12/2018,December,20.17,19.26
2018,339,05/12/2018,December,0.41,20.12
2018,340,06/12/2018,December,5.43,20.01
2018,341,07/12/2018,December,0.75,20.4
2018,342,08/12/2018,December,7.85,19.74
2018,343,09/12/2018,December,13.21,19.12
2018,344,10/12/2018,December,31.12,16.97
2018,345,11/12/2018,December,7.36,16.43
2018,346,12/12/2018,December,9.22,18.27
2018,347,13/12/2018,December,7.85,18.91
2018,348,14/12/2018,December,7.53,18.6
2018,349,15/12/2018,December,15.48,18.3
2018,350,16/12/2018,December,4.02,19.2
2018,351,17/12/2018,December,0.08,19.37
2018,352,18/12/2018,December,1.98,19.2
2018,353,19/12/2018,December,13.45,19.02
2018,354,20/12/2018,December,5.19,18.24
2018,355,21/12/2018,December,11.5,18.84
2018,356,22/12/2018,December,3.71,19.18
2018,357,23/12/2018,December,6.9,19.21
2018,358,24/12/2018,December,1.11,19.55
2018,359,25/12/2018,December,0.07,19.31
2018,360,26/12/2018,December,0.02,19.52
2018,361,27/12/2018,December,0.31,19.24
2018,362,28/12/2018,December,0.27,19.4
2018,363,29/12/2018,December,0.37,19.35
2018,364,30/12/2018,December,2.17,19.84
2018,365,31/12/2018,December,1.81,19.69